,speaker,twitter_handle,followers,tweets,verified
0,dwayne bohac,dwayne_bohac,2124,1230,0
1,scott surovell,ssurovell,5969,8953,0
2,barack obama,BarackObama,106128237,15625,1
3,charlie crist,CharlieCrist,32236,2712,1
4,oregon lottery,oregon_lottery,3539,4240,0
5,duey stroebel,SenStroebel,1400,1195,0
6,robert menendez,SenatorMenendez ‏,160365,10198,1
7,bernie s,SenSanders,8332897,20131,1
8,mitt romney,MittRomney,1976486,1804,1
9,doonesbury,DoonesburyComic,2550,1158,0
10,george will,GeorgeWillRSS,6954,816,0
11,gwen moore,RepGwenMoore ‏,36526,6780,1
12,jack lew,repjohnlewis ‏,1059593,1925,1
13,eric bolling,ericbolling,1100191,32298,1
14,hillary clinton,HillaryClinton,24512161,10905,1
15,nancy pelosi,SpeakerPelosi,2518224,8797,1
16,ted nugent,TedNugent,361145,3188,1
17,pamela geller,PamelaGeller,200539,1718,1
18,peter kinder,PeterKinder,10262,14360,1
19,nicholas kettle,nickkettle21,295,537,0
20,shelley moore capito,SenCapito,66573,7772,1
21,rick scott,SenRickScott,249740,13197,1
22,tom cotton,SenTomCotton,148220,8372,1
23,ted cruz,tedcruz,3328438,23939,1
24,lee leffingwell,TheRealLeeVIP,404,362,0
25,kelly ayotte,KellyAyotte,64111,9681,1
26,marco rubio,marcorubio,3889012,10994,1
27,rachel maddow,maddow,9618056,9973,1
28,jerry patterson,Patterson4TX,4725,2486,0
29,john boehner,SpeakerBoehner,1402319,22676,1
30,katrina pierson,KatrinaPierson,466453,48179,1
31,rick perry,GovernorPerry,354084,3577,1
32,ken cuccinelli,KenCuccinelli,22615,2340,1
33,andrew cuomo,NYGovCuomo,853075,25675,1
34,sid miller,MillerForTexas,6873,7916,0
35,jim barksdale,jimbarksdale,961,647,0
36,david raynor,crddraynor,411,181,0
37,donald trump,realDonaldTrump,60223138,41876,1
38,john mccain,SenJohnMcCain,3144690,14412,1
39,michelle obama,MichelleObama,12567952,1113,1
40,rudy giuliani,RudyGiuliani,307500,467,1
41,john barrasso,barrassoforwyo ‏,351,263,0
42,empower texans,EmpowerTexans,12581,14869,1
43,john depetro,JohnDePetroshow,8775,73209,1
44,garnet coleman,GFColeman,8153,1541,1
45,michael opitz,MichaelOpitz,1159,10989,0
46,terry mcauliffe,TerryMcAuliffe,66544,4760,1
47,alfredo gutierrez,AlfredoPhxAZ,3509,6826,0
48,david cote,DavidCote,8910,4125,0
49,elena kagan,KaganScotus,1866,169,0
50,texas veterans commission,TexasVeterans,6438,3277,1
51,jeanne shaheen,JeanneShaheen,15575,1575,1
52,susan happ,Happ4WI,968,259,0
53,karl rove,KarlRove,667849,9114,1
54,gwen graham,GwenGraham,27264,4804,1
55,bill white,whitebil,2615,4372,1
56,bob goodlatte,RepGoodlatte,134516,6261,1
57,cory booker,CoryBooker,4247552,63454,1
58,joe biden,JoeBiden,3563856,1666,1
59,jim skaggs,SPANKYSPL,75,883,0
60,ralph hudgens,ralphhudgens,908,803,0
61,robert sarvis,RobertSarvisVA,2226,10128,0
62,will weatherford,willweatherford,21393,2915,1
63,mark shields,Mark__Shields,1927,4790,1
64,mitch mcconnell,senatemajldr ‏,873409,3589,1
65,frank caprio,fcaprio2,562,3855,0
66,david scott,repdavidscott,20611,2809,1
67,scott walker,ScottWalker,281917,14769,1
68,ron johnson,SenRonJohnson ‏,105641,4979,1
69,donna brazile,donnabrazile,653399,54737,1
70,paul ryan,SpeakerRyan,3643591,14928,1
71,adam hasner,AdamHasner,5502,12374,0
72,mark pocan,repmarkpocan ‏,86156,5680,1
73,kathleen sebelius,Sebelius,2985,67,1
74,bruce elfant,BElfant01,1,4,0
75,dave yost,Yost4Ohio,5761,6050,1
76,joe scarborough,JoeNBC,2543924,45699,1
77,texas house democratic caucus,TexasHDC,3641,4167,1
78,david jolly,DavidJollyFL,92587,12378,1
79,jon keyser,Jon_Keyser,938,524,0
80,sean hannity,seanhannity,4082590,459,1
81,rush limbaugh,rushlimbaugh,597843,1178,1
82,john robitaille,John_Robitaille,2664,6551,0
83,patricia morgan,repmorgan ‏,3029,14555,0
84,dave brat,DaveBratVA7th,16307,3448,1
85,mark warner,MarkWarner,444660,8734,1
86,rob portman,robportman,20301,6729,1
87,john cornyn,JohnCornyn ‏,201704,31200,1
88,louie gohmert,replouiegohmert,208943,7377,1
89,armond budish,ArmondBudish,1846,1001,0
90,jeff kruse,JeffKruse303,24,280,0
91,mike haridopolos,MikeHaridopolos,6068,4330,1
92,kendrick meek,KendrickMeek,6648,1266,0
93,eric cantor,EricCantor,278792,7734,1
94,ron paul,RonPaul,641624,6991,1
95,nancy pfotenhauer,NPfotenhauer,131,47,0
96,stephen sweeney,StephenSweens10,431,2360,0
97,sheldon whitehouse,SenWhitehouse,320991,11621,1
98,pat quinn,PQuinnfortheWin,2594,4237,0
99,matthew dowd,matthewjdowd,138445,117732,1
100,darrell issa,DarrellIssa,298926,21325,1
101,chris christie,ChrisChristie,134635,2823,1
102,robert jacquard,RobertJacquard,63,22,0
103,dream defenders,Dreamdefenders,66827,34508,1
104,greg abbott,GregAbbott_TX,247445,10914,1
105,david cicilline,davidcicilline,83681,18660,1
106,wendy davis,wendydavis,195955,8988,1
107,marcy kaptur,RepMarcyKaptur,19760,4267,1
108,tamara holder,tamaraholder,19213,25442,1
109,mike murphy,mcwm,18173,83098,1
110,lamar smith,LamarSmithTX21,27054,349,1
111,bill johnson,RepBillJohnson,35972,5754,1
112,eric hovde,EricHovde,2241,1938,1
113,john skvarla,JohnSkvarla,81,1,0
114,daniel mielke,DanielDMielke,24,0,0
115,ben carson,SecretaryCarson,277252,1383,1
116,raymond bateman,RaymondBatema10,0,0,0
117,mark neumann,MarkNeumannnn,1173,361,0
118,sarah palin,SarahPalinUSA,1512095,17582,1
119,rana foroohar,RanaForoohar,18309,3711,1
120,tom niehaus,CasaDiPace,150,2292,0
121,sherrod brown,SenSherrodBrown,369742,5926,1
122,john kasich,JohnKasich,946770,11812,1
123,robby mook,RobbyMook,82808,634,1
124,lindsey graham,LindseyGrahamSC,854207,9497,1
125,mark strama,markstrama,1776,166,0
126,fix austin schools,FixAustinSchool,24,15,0
127,steven teske,scteskelaw,2364,2088,0
128,kesha rogers,KeshaRogersTX,465,1093,0
129,james bennett,James_L_Bennett,2856,4435,1
130,jeff merkley,JeffMerkley,103510,2763,1
131,dick cheney,KenadiTaylor,599,18403,0
132,michael moore,MMFlint,6039059,14435,1
133,bill richardson,WBRichardson,720,1356,0
134,paul sarlo,PaulASarlo,3012,807,0
135,connie mack,ConnieMackIV,22060,2282,1
136,allen west,AllenWest,753588,13792,1
137,evan feinberg,evanfeinberg,1968,4674,0
138,moveon,MoveOn,340945,70112,1
139,lou dobbs,LouDobbs,1933849,31793,1
140,trent franks,TrentFranksNews,142,139,0
141,kim guadagno,KimGuadagnoNJ,11427,5360,1
142,ted strickland,Ted_Strickland,16261,4417,1
143,christine sinicki,sinicki328,40,194,0
144,michele bachmann,MicheleBachmann,250996,4276,1
145,dan patrick,DanPatrick,52848,5454,1
146,jeb bush,JebBush,1419822,5489,1
147,newt gingrich,newtgingrich,2117403,12303,1
148,tom barrett,Barrett4MKE,13357,1933,0
149,chris thomas,ctkmusic,854,1205,0
150,joyce kaufman,joyceonair,3938,3781,0
151,christopher plante,Chris91UconnBoY,101,1789,0
152,gerry connolly,GerryConnolly,47424,7272,1
153,dave weldon,Davweldon,360,376,0
154,john garamendi,RepGaramendi,27886,13308,1
155,peter kilmartin,PeterFKilmartin,482,334,1
156,david dewhurst,DavidHDewhurst,12641,1667,1
157,joshua feuerstein,TheEvangel1st,19,239,0
158,bill belichick,BelichickFDN,3896,1027,0
159,josh mandel,JoshMandelOhio,14708,5,1
160,bill clinton,BillClinton,11083996,847,1
161,chip rogers,chiprogers,387,3344,0
162,chris hayes,chrislhayes,1853892,121446,1
163,progress texas,ProgressTX,10846,28406,0
164,bill foster,RepBillFoster,40639,3029,1
165,ken legler,KenLegler,2371,570,0
166,bob mcdonnell,BobMcDonnell,29567,2601,1
167,dwight jones,DwightJones21,785,740,0
168,rick santorum,RickSantorum,289614,6410,1
169,chris wallace,ChrisWallace101,29801,10555,1
170,lloyd doggett,RepLloydDoggett,32736,7345,1
171,cory mason,MayorCoryMason,3966,5492,0
172,dan kaufman,dankaufman70,1148,637,0
173,larry elder,larryelder,527396,54577,1
174,dale kooyenga,DaleKooyenga,6181,1529,0
175,dan gelber,MayorDanGelber,1459,1292,1
176,mary nolan,marybnolan,1826,3819,0
177,michelle rhee,MichelleRhee,76655,3146,1
178,joe gibbons,JoeGibbonsEEA,2111,782,0
179,steve rothman,steve02476,148,487,0
180,mary margaret oliver,mmo_mary,3238,462,0
181,herb garrett,cook_n_good,8,3,0
182,peter shumlin,GovPeterShumlin,21118,7576,1
183,karen handel,karenhandel,17875,3501,1
184,adam kinzinger,RepKinzinger,49621,7806,1
185,donna howard,DonnaHowardTX,15661,17008,0
186,john bradley,johnbradleywest,116256,346,1
187,glenn grothman,GrothmanforWI,1367,1236,1
188,we are ohio,We_Are_Ohio,4634,2800,0
189,arianna huffington,ariannahuff,2962196,40249,1
190,joe lieberman,JoeLieberman,31767,745,1
191,jon erpenbach,JonErpenbach,6372,4095,0
192,john kerry,JohnKerry,3355137,2518,1
193,kathleen vinehout,VinehoutK,3637,1112,0
194,michael burgess,michaelcburgess,28122,5608,1
195,ralph nader,RalphNader,77331,10798,1
196,leticia van de putte,leticiavdp,30697,8624,1
197,craig melvin,craigmelvin,69987,7740,1
198,john plumb,JohnFPlumb,605,304,1
199,judicial watch,JudicialWatch,1094885,60480,1
200,tom price,pricetom,9698,16706,1
201,sondy pope,RepSondy,1751,327,1
202,carlos curbelo,carloslcurbelo,22029,4437,1
203,claudia tenney,claudiatenney,7930,2358,1
204,loretta weinberg,SenatorLorettaW,8163,2048,0
205,todd hunter,toddahunter,5819,9536,0
206,tim knopp,SenatorKnopp,1718,438,0
207,sandy adams,pastor_sandy,1427,153,0
208,brett hulsey,hulsey07,94,1321,0
209,reince priebus,Reince,937309,10806,1
210,victoria taft,VictoriaTaft,6254,85117,0
211,rahm emanuel,RahmEmanuel,128826,2071,1
212,frank annunziato,cheech870000,8,3,0
213,michael steele,MichaelSteele,112401,5023,1
214,claire mccaskill,clairecmc,449171,5696,1
215,60 plus association,60PlusAssoc,5456,7206,0
216,chris abele,ChrisAbeleMKE,5566,3420,1
217,michael doherty,profmdoherty,1942,8674,0
218,ellen rosenblum,ORDOJ,3878,1173,1
219,john kline,repjohnkline,8607,3041,1
220,american crossroads,AmericanXRoads,9782,1785,1
221,tim kaine,timkaine,989301,9857,1
222,debbie wasserman schultz,DWStweets,366971,10176,1
223,jeff morales,jeffmorales,662,7186,0
224,virginia education association,VEA4Kids,2128,2425,0
225,jimmy carter,CarterLibrary,55120,4885,1
226,jeff dickerson,DickersonESPN,94281,28621,1
227,chris jacobs,ChrisJacobs,66609,14911,1
228,phil kerpen,kerpen,36502,100458,1
229,joanne kloppenburg,joanne8553,0,0,0
230,paul krugman,paulkrugman,4525830,15165,1
231,mike pence,mike_pence,3799267,5674,1
232,kay bailey hutchison,kaybaileyhutch,23384,5227,1
233,rob zerban,robzerban,5127,2372,0
234,jackie cilley,jackielcilley,1121,4247,0
235,arsalan iftikhar,TheMuslimGuy,60680,10630,1
236,marc schare,marcschare,343,852,0
237,john kitzhaber,GovKitz,17226,3868,1
238,katie mcginty,kate_mcginty,388,6665,0
239,adam putnam,adamputnam,30685,5028,1
240,virginia foxx,virginiafoxx,24108,3867,1
241,clay pell,ClayPell,3347,1470,1
242,bill proctor,billproctor314,605,1052,0
243,kevin dewine,KevinDeWine,4022,2260,0
244,erik wallin,dr_blackheart,174,7742,0
245,kasim reed,KasimReed,419676,8461,1
246,alberta darling,SenDarling,5150,2426,0
247,cory gardner,SenCoryGardner,116300,4541,1
248,priorities usa action,Mills_Gro6,15,41,0
249,ed gillespie,EdWGillespie,41452,4550,1
250,tommy thompson,tomthom11,5862,5328,1
251,mike lee,SenMikeLee,498916,4923,1
252,david axelrod,davidaxelrod,1135710,11197,1
253,paul broun,PaulBrounMD,12047,1582,1
254,matthew hill,matthewhillbbc,496,104,0
255,lisa boothe,LisaMarieBoothe,196869,19733,1
256,jeff greene,JeffGreeneUNC,666,2647,0
257,jamie radtke,jamieradtke,3886,7288,0
258,sylvester turner,SylvesterTurner,86163,22726,1
259,chris redfern,ChrisRedfern419,6506,15627,0
260,kathleen falk,FalkforWI,890,505,0
261,steve lonegan,Lonegan,7812,4618,0
262,anissa naouai,AnissaNow,25392,4723,1
263,sean duffy,RepSeanDuffy,38763,6984,1
264,angel taveras,Angel_Taveras,10653,4104,0
265,mike rogers,RepMikeRogersAL,24824,4674,1
266,bill nelson,NelsonForSenate,14586,893,1
267,lincoln chafee,LincolnChafee,19157,3612,1
268,kathleen clyde,KathleenClyde,10531,5223,1
269,richard ferruccio,Dick_Nixon5813,2,0,0
270,terry lawler,tlawler,853,191,0
271,ray mcberry,RayMcBerry,469,325,0
272,gene sperling,genebsperling,22888,5787,1
273,cokie roberts,CokieRoberts,14176,803,1
274,barbara boxer,BarbaraBoxer,120818,3529,1
275,randy forbes,Randy_Forbes,19927,3318,1
276,joaquin castro,JoaquinCastrotx,152755,14402,1
277,markos moulitsas,markos,177107,57835,1
278,brigid shea,CommishShea,721,1655,0
279,carly fiorina,CarlyFiorina,696855,4692,1
280,ken allen,K_Factionrec,778,917,0
281,neera tanden,neeratanden,172514,67656,1
282,chuck todd,chucktodd,2050873,50434,1
283,betty sutton,BettySutton,7571,1238,1
284,keith olbermann,KeithOlbermann,1047074,87406,1
285,jennette gayer,JennetteGayer,340,226,0
286,bill hammond,NYHammond,10081,51850,1
287,jim renacci,JimRenacci,10485,3085,1
288,tobias read,TobiasRead,693,520,1
289,rob turner,ReynardCity,6024,139869,0
290,christina romer,ChrisRomer91,184,755,0
291,mike dewine,MikeDeWine,17447,2295,1
292,roy cooper,RoyCooperNC,42468,1957,1
293,rod monroe,SenatorMonroe,232,24,0
294,joel keehn,jkeehn,303,73,0
295,jack kingston,JackKingston,18595,5616,1
296,miriam martinez,miriam__lisset,1035,12163,0
297,dan micciche,DanforDISD,639,410,0
298,wayne thorburn,waynethorburn,5,1,0
299,rich zipperer,zipperer_rich,2,0,0
300,mark miller,RetireRevised,8286,5384,1
301,george lemieux,George_LeMieux,9809,2413,0
302,social media,socialmediaweek,133159,25759,1
303,susana martinez,Gov_Martinez,18061,590,1
304,deborah ross,DeborahRossNC,6406,723,0
305,joseph kyrillos,Jmansourk,1,0,0
306,barry hinckley,BarryHinckley,2177,1709,0
307,joe barton,RepJoeBarton,27444,2082,1
308,peter palumbo,PetiePal,207,1098,0
309,bettylou decroce,BLDeCroce4NJ,1520,2378,0
310,carla smith,JLA_President,2644,9811,0
311,winning our future,WinOurFuture,1900,187,0
312,pat mccrory,PatMcCroryNC,45567,5411,1
313,michael savage,ASavageNation,192246,3803,1
314,marvin pratt,MarvinPratt22,22,208,0
315,sharron angle,SharronAngle,8198,1246,0
316,david simas,d_simas,13819,2957,1
317,patrick murphy,PatrickMurphyFL,13040,3321,1
318,sean spicer,seanspicer,407701,19345,1
319,helen glover,Helenglovergb,55354,7419,1
320,lee camp,LeeCamp,103222,63021,1
321,citizens united political victory fund,cupvf,21,286,0
322,fred thompson,fredthompson,144842,4386,1
323,lainey melnick,lmelnick,1245,3591,0
324,caleb rowden,calebrowden,6683,18195,1
325,brian kemp,BrianKempGA,47467,6881,1
326,leonidas raptakis,senraptakis,66,0,0
327,howard dean,GovHowardDean,140376,38448,1
328,lou ann zelenik,louannzelenik,1215,4320,0
329,marty beil,johnnystubble,658,712,0
330,joe sestak,JoeSestak,9985,3191,1
331,funny or die,funnyordie,13830227,31047,1
332,susan stimpson,SusanBStimpson,1171,3310,0
333,desmond meade,desmondmeade,6205,2408,1
334,terri lynn land,LandforGovernor,19,5,0
335,blake rocap,BlakeRocap,2002,9412,0
336,tim canova,Tim_Canova,44536,8646,1
337,kamala harris,KamalaHarris,2647181,10806,1
338,david shuster,DavidShuster,73627,12276,1
339,john oliver,iamjohnoliver,5191413,439,1
340,ellyn bogdanoff,ellynbogdanoff,2010,101,0
341,earl blumenauer,repblumenauer,62503,3907,1
342,ted poe,JudgeTedPoe,34707,5589,1
343,bill maher,billmaher,11022735,4258,1
344,laurence ehrhardt,Lauehr,5,1,0
345,dana rohrabacher,DanaRohrabacher,39359,13081,1
346,jim demint,JimDeMint,217566,6171,1
347,john lewis,repjohnlewis,1059567,1925,1
348,gina raimondo,GovRaimondo,68197,8277,1
349,kitty boitnott,kittyboitnott,875,8421,0
350,deadspin,Deadspin,1059200,96509,1
351,nancy devaney,Dev04,252,321,0
352,herman cain,THEHermanCain,520491,16367,1
353,chet edwards,ChetEdwards,436,311,0
354,glenn beck,glennbeck,1214283,16826,1
355,glenn hegar,Glenn_Hegar,6804,3959,1
356,jon runyan,RepJonRunyan,5895,742,1
357,david perdue,sendavidperdue,64315,3792,1
358,ted gatsas,Gatsas4Mayor,1379,1943,0
359,charlotte nash,charlotte_nash8,1176,7035,0
360,ron wyden,RonWyden,443826,8384,1
361,steve archambault,Arch_Steve,34081,1399,0
362,tom scott,tomscott,96642,21728,1
363,tim pawlenty,TimPawlenty,66098,289,1
364,rachel oconnor,Rachinthetron,376,1138,0
365,steve cohen,RepCohen,63490,9344,1
366,lon burnam,LonBurnam,2124,307,0
367,marsha blackburn,VoteMarsha,37715,5793,1
368,sally kohn,sallykohn,118264,50848,1
369,grover norquist,GroverNorquist,74697,37822,1
370,mitch daniels,purduemitch,36018,589,0
371,david porter,davidnporter80,236,625,0
372,kathleen murphy,kmurphyva,4016,3063,1
373,dekalb county,ItsInDeKalb,10211,9901,1
374,steve oelrich,SteveOelrich,743,238,0
375,national taxpayers union,NTU,10970,11930,1
376,michael roberson,RobersonForNV,6421,3718,1
377,ann mclane kuster,RepAnnieKuster,20668,4568,1
378,mark hass,MarkHassOregon,2932,1371,0
379,robin wright,RealRobinWright,150177,237,1
380,david ignatius,IgnatiusPost,97576,1828,0
381,andrea tantaros,AndreaTantaros,477012,7354,1
382,randi shade,randi61604000,14,7,0
383,juan williams,TheJuanWilliams,159499,4634,1
384,jim webb,JimWebbUSA,26272,1916,1
385,tom graves,RepTomGraves,20847,4171,1
386,russ feingold,russfeingold,48262,2919,1
387,joe garcia,JoeGarcia,3524,4187,0
388,john obannon,CaptainObywan,44,302,0
389,ann coulter,AnnCoulter,2139088,42373,1
390,jason stanford,jstannymlber61,3694,7389,1
391,mark schlereth,markschlereth,592199,64506,1
392,ann kirkpatrick,Ann_Kirkpatrick,10077,989,1
393,dana loesch,DLoesch,1078776,125009,1
394,john king,JohnKingCNN,312149,6978,1
395,carlos beruff,carlosberuff,2938,317,0
396,tom letson,Tom_Letson_LPC,690,1393,0
397,keith faber,KeithFaber,5155,1133,1
398,johnny isakson,SenatorIsakson,64784,6035,1
399,steve poizner,StevePoizner,145182,1042,0
400,joe defelice,JoeDeFeliceHUD,729,1713,0
401,ed fallone,EdFallone,245,1484,0
402,afscme,AFSCME,53443,58318,0
403,harry alford,HarryAlford3,2412,7208,0
404,progressohio,ProgressOhio,10706,36357,1
405,rich golick,SpaceLogger,8,0,0
406,kathleen peters,KathleenMPeters,4143,815,0
407,kirk cox,SpeakerCox,4125,1760,0
408,ultraviolet,UltraViolet,32789,18822,1
409,drug policy alliance,DrugPolicyOrg,88079,13819,1
410,brian sims,BrianSimsPA,57080,6705,1
411,jim whelan,BoardwalkHall,7775,3363,1
412,michael eric dyson,MichaelEDyson,389582,22449,1
413,charles rangel,cbrangel,28275,7084,1
414,chris matthews,HardballChris,908082,1827,1
415,linda koop,LindaKoopTX,3191,986,0
416,terry moulton,terrymoulton,571,143,0
417,john loud,loud_john,630,2707,0
418,john edwards,JEdwardsRacing,4624,5691,1
419,one wisconsin now,onewisconsinnow,14443,25831,1
420,turning point usa,TPUSA,256932,20580,1
421,marion hammer,MarionHammer1,133,0,0
422,brianna keilar,brikeilarcnn,135328,5602,1
423,shelley adler,Shelley_Adler,296,262,0
424,stephen colbert,StephenAtHome,18469615,6122,1
425,louise slaughter,louiseslaughter,24311,3414,1
426,wayne powell,Powellsenateva,2292,2016,0
427,howard fineman,howardfineman,234526,11607,1
428,alan simpson,AlanSimpsonNI,16719,19426,0
429,senate majority pac,MajorityPAC,6105,1178,1
430,laura ingraham,IngrahamAngle,2721881,38487,1
431,tim ryan,TimRyan,20126,3800,1
432,glen sturtevant,GlenSturtevant,2854,2386,0
433,john lombardi,John3lombardi,330,2307,0
434,chris murphy,ChrisMurphyCT,767715,18768,1
435,bruce braley,BruceBraley,13602,6246,1
436,curtis martin,curtismartin,26089,487,1
437,gus bilirakis,RepGusBilirakis,30072,5585,1
438,nita lowey,NitaLowey,31819,4021,1
439,catherine hanaway,639802,125,1,0
440,joellen smith,MsJoEllenSmith,61,42,0
441,elizabeth warren,SenWarren,4998745,4204,1
442,ben cardin,BenCardinforMD,6046,1756,1
443,vicki martin,MarineSciComm,798,1943,0
444,evan bayh,SenEvanBayh,4632,295,0
445,jim moran,Jim_Moran,11038,1744,1
446,bill weimer,Bill_Ymr,0,3,0
447,fred karger,fredkarger,3140,10788,0
448,bill lynch,CoachLynchDPU,2121,3809,0
449,tom marino,tommarino606,282,429,0
450,scott hassett,Easyscott,3,4,0
451,roberta lange,rlange9,175,1000,0
452,america,americaband,9268,2152,1
453,peter barca,PeterWBarca,7363,4248,1
454,reid ribble,RepRibble,10429,3732,1
455,cheryl grossman,cherylrsg,55,1126,0
456,mark udall,MarkUdall,30323,3938,1
457,saxby chambliss,SaxbyChambliss,10956,856,1
458,doug whitsett,dwitness,5,1,0
459,loren collins,LorenCollins,2052,840,0
460,paul hirschbiel,phirschbiel,52,1,0
461,gilberto hinojosa,HinojosaTX,2714,1838,0
462,dennis kucinich,Dennis_Kucinich,49164,2121,1
463,colleen deacon,colleendeacon,86,3,0
464,drudge report,DRUDGE_REPORT,1393717,237719,0
465,stephanie cutter,stefcutter,103963,2910,1
466,jessica king,jessCNN,4434,1326,1
467,mike fasano,fasanomike,4231,14496,0
468,tim cook,tim_cook,11315752,770,1
469,andy brown,AndyBrownMusic,167369,20396,1
470,david dooley,david__dooley,1127,10437,0
471,david brooks,nytdavidbrooks,187125,917,1
472,alex wan,AlexWanforATL,2067,1589,1
473,steve stockman,Stoxo,2674,9304,0
474,nan rich,senatornanrich,3286,1268,0
475,donna campbell,DonnaCampbellTX,9172,4984,1
476,stephen zappala,zappala2,16,0,0
477,brit hume,brithume,1026175,19448,1
478,kyleen wright,kyleenwright,2491,29219,0
479,tammy baldwin,tammybaldwin,48675,4715,1
480,nowthis,nowthisnews,2280606,121850,1
481,joe pojman,joepojman,1957,4987,0
482,bill haslam,BillHaslam,143092,1978,1
483,robert dimuccio,robertdimuccioo,268,1130,0
484,trimet,trimetalerts,3028,3749,0
485,josh shapiro,JoshShapiroPA,22929,11789,1
486,bill mccollum,BillMcCollum,3980,553,0
487,alexi giannoulias,Giannoulias,3458,2772,0
488,joseph testa,josephvtesta,659,12318,0
489,alfonso lopez,alfonsolopez3,497,5428,0
490,loranne ausley,LoranneAusley,1714,736,1
491,blake farenthold,farenthold,19232,6487,1
492,tom colicchio,tomcolicchio,929037,36941,1
493,robert healey,roberthealey,484,142,0
494,ed schultz,edshow,190863,25455,1
495,glenn greenwald,ggreenwald,1034142,57210,1
496,allen peake,AllenPeake,4676,5407,0
497,vern buchanan,VernBuchanan ‏,28697,2607,1
498,amy klobuchar,amyklobuchar,693605,8878,1
499,george barker,GBarks33,2670,1924,0
500,rosa delauro,rosadelauro,40868,6853,1
501,jason carter,jjcforever,32931,22756,1
502,judson hill,Judsonhill,3108,3561,0
503,chris gregoire,chris_gregoire,228,3936,0
504,bill cassidy,BillCassidy,41984,5711,1
505,jay carney,JayCarney,41705,3625,1
506,fran millar,Fran_Millar,5868,906,0
507,waco tea party,WacoTeaParty,2684,7110,0
508,gretchen carlson,GretchenCarlson,106327,19457,1
509,steny hoyer,StenyHoyer,5123,1162,1
510,fidelis,FidelisCare,38636,14912,1
511,elliott naishtat,ElliottNaishtat,1837,5,0
512,dan lungren,RepDanLungren,692,464,0
513,kris jordan,KrisJordan,1719,4235,0
514,michael thurmond,PreservesOfLife,42,2139,0
515,lynn jenkins,jenkslyn,936,10884,0
516,keith stokes,drkeithstokes,1563,1026,0
517,dan sullivan,SenDanSullivan ‏,36310,2388,1
518,bob sears,SearsBob,75,98,0
519,georgia lottery,GeorgiaLottery,12487,5565,0
520,greta van susteren,greta,1204085,155592,1
521,mike collier,MikeCollierWX,12548,19342,1
522,gayle atteberry,GayleAtteberry,703,1610,0
523,chuck baldwin,drchuckbaldwin,2379,650,0
524,casey cagle,CaseyCagle,23219,3682,1
525,bob donovan,BobDonovan12,282,283,0
526,occupy democrats,OccupyDemocrats,45268,48612,0
527,john carlevale,johncarlevale,172,149,0
528,mike villarreal,MikeVillarreal,4793,1846,0
529,snapchat,Snapchat,2102766,6710,1
530,kim simac,KimSimac,770,3527,0
531,ken plum,KenPlum1,1702,4777,0
532,clay aiken,clayaiken,242198,2407,1
533,joe brown,joemfbrown,24088,24742,1
534,house republicans,HouseGOP,709758,20286,1
535,ana navarro,ananavarro,1153361,22801,1
536,travis rowley,travisrowley,369,182,0
537,tom harkin,SenatorHarkin,21630,2578,1
538,mark butler,Mark_Butler_MP,27490,4999,1
539,steve case,SteveCase,747972,54204,1
540,molly white,molly0x57,1606,4741,0
541,sheila resseger,sheilaresseger,270,8412,0
542,robert hurt,RepRobertHurt,15590,2637,1
543,don beyer,DonBeyerVA,4647,2991,1
544,jan brewer,GovBrewer,55237,2655,1
545,frank luntz,FrankLuntz,262431,23199,1
546,ron ramsey,RonRamsey,52810,3249,1
547,robert reich,RBReich,673370,9976,1
548,jim huffman,JimWHuffman,2028,963,0
549,ron desantis,RonDeSantisFL,151558,2163,1
550,steve crisafulli,SteveCrisafulli,12273,1255,0
551,jim hightower,JimHightower,10435,2851,1
552,gavin newsom,GavinNewsom,1434348,11029,1
553,brendan doherty,bdoherty48,418,80,0
554,dale peterson,digitalbond,5663,7602,0
555,mark sickles,MarkSicklesVA,3669,960,0
556,jeff stone,jeffstone500,2522,2018,1
557,sher valenzuela,SherValenzuela1,245,23,0
558,charlie gonzalez,TX20CharlieG,2419,1036,1
559,independence usa pac,iusapac,3,0,0
560,steve forbes,SteveForbesCEO,226414,15718,1
561,john stone,JohnStoneBeef,1219,2096,0
562,chris dodd,SenChrisDodd,17069,917,1
563,mark clayton,MarkClaytonD9,2586,1129,0
564,kelli stargel,kellistargel,5360,909,0
565,john duncan,JohnDuncanMP,877,178,1
566,secure america now,SecureAmerica,39391,18748,0
567,russell mcmurry,russell_mcmurry,3,0,0
568,lamar mckay,lamar80726859,2,3,0
569,ed rendell,GovEdRendell,15789,1849,1
570,catherine taylor,KatyaTaylor,7746,30010,0
571,benjamin crump,AttorneyCrump,46470,17072,1
572,mike honda,RepMikeHonda,23506,2920,1
573,josh burgin,therealjosh44,70,4895,0
574,martin frost,martinjfrost,895,2252,0
575,ronan farrow,RonanFarrow,809469,10117,1
576,richard blumenthal,SenBlumenthal,581714,12049,1
577,fred upton,RepFredUpton,24726,6087,1
578,herb conaway,herbconaway,3187,1241,0
579,ellen freidin,EllenFreidin,6,1,0
580,randy hopper,RHopper4130,14,1,0
581,mark drewniak,idunnocalliesda,0,1,0
582,let freedom ring,lfrusa,5678,2100,1
583,zell miller,ZellMillerFndn,610,425,0
584,rodney frelinghuysen,frelinghuysen,0,0,0
585,donald trump jr,DonaldJTrumpJr,3547641,28176,1
586,martha laning,laningforwi,1341,1237,0
587,starbucks,Starbucks,11374911,184552,1
588,vince megna,vincemegna,155,2112,0
589,mark pryor,MarkPryorBooks,759,1659,0
590,erika sanzi,esanzi,3240,51397,0
591,chris larson,ChrisJLarson,8965,8375,1
592,paul sadler,sadlerimages,3106,5827,0
593,heather fiorentino,hfiorentino47,267,803,0
594,stephen hayes,stephenfhayes,321268,23112,1
595,debbie stabenow,stabenow,50746,2103,1
596,jim kenney,JimFKenney,31891,8537,1
597,michelle rehwinkel vasilinda,MMRV2018,211,1402,0
598,sarah silverman,SarahKSilverman,12570099,14678,1
599,chelsea clinton,ChelseaClinton,2488256,12866,1
600,jason chaffetz,jasoninthehouse,491127,10407,1
601,steve king,SteveKingIA,115684,2680,1
602,john wisniewski,JohnWisniewski,15825,3034,1
603,virginia lottery,VirginiaLottery,13814,23367,0
604,kathleen connell,KathleenConnell,1023,7246,0
605,george turner,georgenturner,5726,9195,1
606,rose ferlita,RoseforMayor,155,563,0
607,jeff kottkamp,JeffKottkamp,3775,3373,0
608,portland community college,PortlandCCF,33,32,0
609,elise stefanik,EliseStefanik,30855,7336,1
610,kevin otoole,KevOToole70,348,1436,0
611,tom mcclintock,RepMcClintock,13810,454,1
612,lee fisher,fisher4justice,696,2094,0
613,juan chuy hinojosa,TxChuy,7159,4394,0
614,andy duyck,ChairAndyDuyck,233,197,0
615,john pistole,PresPistole,2395,816,0
616,phil gingrey,DrPhilGingrey,14528,1884,1
617,lenar whitney,LenarWhitney,2081,211,0
618,foodmentum,FoodMentum,722,4792,0
619,dave hunt,climberhunt,917,933,0
620,mary burke,crackerjaw,3658,9637,0
621,wes riddle,wesriddle,150,285,0
622,steven landes,Wesukechak,1,0,0
623,ben affleck,BenAffleck,2945333,425,1
624,suzanne bonamici,RepBonamici,27425,4429,1
625,bill oneill,CoachO02,177,321,0
626,jeff dewit,JeffDeWitAZ,5530,2021,0
627,tom tancredo,ttancredo,4273,2941,0
628,haley barbour,HaleyBarbour,33388,810,1
629,jeremy bird,jeremybird,36275,5567,1
630,joe straus,SpeakerStraus,24491,1420,0
631,meria carstarphen,CarstarphenMJ,21927,9055,0
632,larry ahern,Larry_Ahern,4355,1142,0
633,valerie jarrett,vj44,196174,6475,1
634,new approach oregon,NewApproachPAC,2806,2211,0
635,steve spinnett,steve_spinnett,15,2,0
636,jeff atwater,JeffAtwater,15603,3874,1
637,linda curtis,TDSBLindaCurtis,984,6207,0
638,paul workman,PaulCTV,3937,3508,1
639,jim carrey,JimCarrey,18353767,4471,1
640,michael morell,MichaelJMorell,50994,686,1
641,austan goolsbee,Austan_Goolsbee,81869,4755,0
642,jb van hollen,JBVanHollen,2450,758,0
643,sheila jackson lee,JacksonLeeTX18,72002,7269,1
644,sheri gallo,SheriGalloD10,1684,1254,0
645,nan orrock,SenNanOrrock,6392,6249,1
646,steve scalise,SteveScalise,301398,9489,1
647,van wanggaard,Vanwanggaard,2203,1250,0
648,nikki haley,NikkiHaley,411371,448,1
649,kyrsten sinema,SenatorSinema,94073,11732,1
650,michael mccaul,RepMcCaul,29906,3792,1
651,michelle malkin,michellemalkin,2162278,68687,1
652,rebecca bradley,RebeccaJBradley,6195,75155,0
653,david gregory,davidgregory,1733656,10616,1
654,debbie dooley,Crimsontider,13877,13996,0
655,paula dockery,Paula_Dockery,8085,142898,0
656,bret baier,BretBaier,1302359,71200,1
657,dustin inman society,DustinInmanSoc,97,212,0
658,don mcintire,Donmcintire4,0,0,0
659,ami bera,RepBera,32919,3574,1
660,trevor noah,Trevornoah,9787536,10758,1
661,great america pac,GreatAmericaPAC,8266,15254,1
662,jan jones,janjonesauthor,4061,95729,0
663,becky moeller,BeckyMoeller,185,1,0
664,emma watson,EmmaWatson,29147919,1709,1
665,anthony johnson,Anthony_Rumble,194345,6126,1
666,max nofziger,maxnofziger,29,2,0
667,holly benson,BADnewsbenson1,348,4383,0
668,jody conradt,hof98,108,22,0
669,tim griffin,TimGriffinBig12,2804,21607,1
670,roger goodell,nflcommish,534939,531,1
671,ralph peters,ralph_peters,151,4716,0
672,john elkhay,EllhayJohn,22,3,0
673,nina turner,ninaturner,183545,41795,1
674,john taylor,JohnLloydTaylor,274058,17561,1
675,michael reagan,ReaganWorld,76054,22573,0
676,jeff wentworth,JeffInTokyo,187,166,0
677,chris smith,SmithChris,2588,2601,1
678,american action network,AAN,8398,8580,1
679,marc morial,MARCMORIAL,36136,5651,1
680,bruce hanna,bdhogfan,284,5970,0
681,ron gerberry,RonGerberry,771,972,0
682,pierre thomas,Pierre_Thomas,266891,4853,1
683,don gaetz,DonGaetz,145,0,0
684,american future fund,AmFutureFund,31512,4824,0
685,gerard robinson,gerard_924,2084,4238,0
686,sam stein,samstein,408459,57020,1
687,barry smitherman,SmithermanTX,3876,1663,0
688,tom toles,TomTolesToons,7122,1615,0
689,raymond frank,RaymondFArevalo,124,683,0
690,bob duffy,BobDuffyROC,11595,23325,1
691,american energy alliance,AEA,6519,8445,1
692,jerry brown,JerryBrownGov,1107251,2237,1
693,billboard,billboard,7378161,215467,1
694,paul begala,PaulBegala,204432,45013,1
695,albio sires,RepSires,20905,3342,1
696,hans von spakovsky,HvonSpakovsky,5872,1747,0
697,joe heck,CoachJoeHeck,407,3577,0
698,charlotte bergmann,memphismayor,75,59,0
699,ron klein,OtherRonKlein,176,1084,0
700,sam houston,BearkatsBSB,12827,16000,1
701,bill spelman,SpelmanBill,0,0,0
702,gordon challstrom,gordchallstrom,8,50,0
703,sabino pio renteria,CM_Renteria,3324,1042,0
704,chris taylor,ChrisTaylorWI,6437,5432,1
705,nicholas kristof,NickKristof,2045477,39240,1
706,jennifer shilling,SenShilling,3748,4711,1
707,farouk shami,Farouk4Texas,177,134,0
708,marc thiessen,marcthiessen,37871,12985,1
709,jake tapper,jaketapper,2044946,191910,1
710,dick morris,DickMorrisTweet,202179,8814,1
711,leslie curran,ExpressFraming,66,86,0
712,jon huntsman,JonHuntsman,103247,541,1
713,betsy mccaughey,Betsy_McCaughey,8213,1130,0
714,dan boren,dgbjr,19,4,0
715,joyce beatty,RepBeatty,31417,8007,1
716,cleta winslow,cmwinslow04,186,3,0
717,bonnie reiss,bonniemreiss,212,16,0
718,gil kerlikowske,rgkerlik,31,0,0
719,sarah ponder,surahhpondaa,419,6028,0
720,senate leadership fund,Senate_Fund,1758,482,1
721,jeanine pirro,JudgeJeanine,1502367,16355,1
722,jd hayworth,JDHayworthAZ,754,0,0
723,peggy noonan,Peggynoonannyc,182399,8757,1
724,mary landrieu,MaryLandrieu,5147,2984,1
725,david miliband,DMiliband,266107,9704,1
726,mike dovilla,mikedovilla,7600,3969,0
727,hilary rosen,hilaryr,106006,15254,1
728,edward flynn,EdwardFlynn12,124,3232,0
729,ron fournier,ron_fournier,64366,170589,1
730,chris sununu,ChrisSununu,7923,1875,1
731,jason nassour,JasonNassour,245,109,0
732,josh earnest,joshearnest,50876,211,1
733,victoria seaman,VictoriaDseaman,5522,13836,0
734,kiki curls,KikiCurls,2241,497,0
735,jan crawford,JanCBS,19376,3262,1
736,nicholas mattiello,RISpeaker,2250,149,0
737,steve moore,stevemoore2600,3087,3288,0
738,eric greitens,EricGreitens,87185,3971,1
739,barbara sharief,BarbaraSharief,238,0,0
740,al gore,algore,3085691,2619,1
741,van taylor,VanTaylorTX,9449,5400,1
742,debra medina,debmedina,3098,1206,0
743,amy kremer,AmyKremer,31293,32382,1
744,bart stupak,RealBartStupak,143,63,0
745,bill pascrell,BillPascrell,38501,3899,1
746,sharon day,usambassadorcr,5834,2722,1
747,carlos trujillo,USAmbOAS,5619,191,1
748,mary squires,MaryTylerMorgue,222,3447,0
749,texas values,txvalues,4394,7092,0
750,mike adams,Channel75live,30320,1725,1
751,jim keffer,RepJimKeffer,1858,2879,0
752,scott bruun,JoinScott,469,196,0
753,bob buckhorn,BobBuckhorn,52696,11890,1
754,jim francesconi,JimFrancesconi,75,91,0
755,ryan lizza,RyanLizza,232258,17269,1
756,karen harrington,KA_Harrington,2021,6959,0
757,jorge ramos,jorgeramosnews,3491479,25346,1
758,steve adler,Steve_Adler,5760,53016,0
759,tom kean jr,TomKeanJr,0,0,0
760,marilinda garcia,MarilindaGarcia,4261,3139,0
761,einer elhauge,elhauge,993,396,0
762,eddie rodriguez,EddieforTexas,10857,4555,1
763,kathie tovo,kathietovo,3963,336,0
764,cathie adams,cathieadams,3583,2350,0
765,buzzfeed,BuzzFeed,6536089,223250,1
766,megyn kelly,megynkelly,2403160,14155,1
767,doris kearns goodwin,DorisKGoodwin,86938,312,1
768,william barber,kidwilly23,355,5061,0
769,texas public policy foundation,TPPF,18398,12241,0
770,uber,Uber,989667,15709,1
771,renee ellmers,RepReneeEllmers,17010,7137,1
772,lynn westmoreland,Westmoreland_GA,14148,4275,0
773,lesley cohen,Cohen4AD29,1939,10002,0
774,randi weingarten,rweingarten,89369,125591,1
775,hemant mehta,hemantmehta,67915,57116,1
776,kevin levitas,kevin_levitasTG,0,0,0
777,jim mcgreevey,jim_mcgreevey,693,965,0
778,maciver institute,MacIverWisc,8801,37010,0
779,paige kreegel,ElectKreegel,158,120,0
780,mark zaccaria,Mark_Zaccaria,306,1855,0
781,dan flynn,DanFlynn,25377,12835,1
782,anne nolan,AnneNolan2,1613,13627,0
783,john huppenthal,HuppenthalADE,834,814,0
784,meg whitman,MegWhitman,212632,828,1
785,jonathan jarvis,JonathanJarvis,1909,597,0
786,jeff fitzgerald,cheffitzgerald,227,782,0
787,dubose porter,porterforga,800,476,0
788,dick armey,DickArmey,8310,93,0
789,phil robertson,Reaproy,28764,18567,1
790,geraldine thompson,defines1,29,1252,0
791,loretta sanchez,LorettaSanchez,18296,2850,1
792,steve ogden,SteveOgdenArt,2167,14684,0
793,leah vukmir,LeahVukmir,12712,7630,1
794,robert barber,RA_Barber,2034,8088,0
795,bill bennett,WilliamJBennett,46791,3952,0
796,steve southerland,Rep_Southerland,7929,672,1
797,bruce rauner,BruceRaunerHQ,3816,403,1
798,john thrasher,jthrasher,6961,64009,1
799,violence policy center,VPCinfo,8165,8713,1
800,danny tarkanian,DannyTarkanian,11994,5523,1
801,dave aronberg,aronberg,6038,4667,1
802,pat carlson,PatCarlsonMinis,545,1647,0
803,ellen troxclair,EllenforAustin,3698,509,0
804,bryce reeves,ReevesVA,4060,2575,1
805,caroline casagrande,CCCasagrande1,2544,1077,0
806,jim waldman,jimwaldman,564,121,0
807,jodie laubenberg,LaubenbergTX,272,0,0
808,jason conger,JasonConger,1989,1195,0
809,bill kristol,BillKristol,473690,23137,1
810,diana degette,DeGette5280,1643,418,1
811,mike dudgeon,mjdudgeon,1114,189,0
812,rob wittman,ReElectWittman,1079,693,1
813,jon husted,JonHusted,12677,6026,1
814,will wynn,mycarheaven,2047,23138,0
815,rick kriseman,Kriseman,17145,13790,0
816,mark kelly,ShuttleCDRKelly,276667,2105,1
817,jd van brink,JDVanBrink,111,0,0
818,atlanta braves,Braves,1264428,54349,1
819,rhue reis,ReisforCongress,100,242,0
820,arthenia joyner,JoynerforSenate,376,0,0
821,chris mccalla,HeyMrMcCalla,363,1822,0
822,dave marsden,SenDaveMarsden,3624,994,0
823,diane black,RepDianeBlack,30408,5931,1
824,christopher monckton,chris_monckton,535,5,0
825,frank wolf,RepWOLFPress,4907,350,1
826,louis marinelli,LouisJMarinelli,2229,33,1
827,defending main street,DefendMainSt,27,34,0
828,david rivera,RepRivera,3230,706,1
829,renee unterman,Renee_Unterman,3866,7182,0
830,kevin flynn,FlynnCNBC,1630,1119,1
831,sally bethea,sbethea063,11,62,0
832,planned parenthood,PPFA,263515,10903,1
833,stefani carter,stefani_carter,2231,992,0
834,gene mcintyre,genem3,184,1155,0
835,lone star project,lsptex,3980,6395,0
836,peter beinart,PeterBeinart,83722,28359,1
837,jefferson smith,jeffersonsmithp,584,1054,0
838,lee holloway,icqheretic,220,3,0
839,eric gray,TheEricGray,1485,6567,0
840,terry russell,TerryRussellLtd,385,2391,0
841,james buchal,JamesBuchal,316,1490,0
842,hugh thompson,thommosays,453,4235,0
843,ray lewis,raylewis,368215,6225,1
844,rose mary grant,Grant7Rose,3,1,0
845,julie lassa,JulieMLassa,2490,1080,0
846,adam schefter,AdamSchefter,7371773,44774,1
847,jack hanna,JungleJackHanna,44099,1884,1
848,sierra club,SierraClub,348177,118874,1
849,kay hagan,kayhagan,7923,1423,1
850,kirsten gillibrand,SenGillibrand,1410883,18160,1
851,tom mechler,tommechler,3028,3307,1
852,maria sachs,MariaSachs,3318,1130,1
853,william benson huber,NYCWBH,10045,3757,0
854,mark obenshain,MarkObenshain,5879,3942,1
855,wayne christian,ChristianForTX,2642,4290,0
856,chris stirewalt,ChrisStirewalt,90370,10719,1
857,james stegmaier,jpstegmaier,57,447,0
858,burnt orange report,BOR,9829,11299,0
859,claire suggs,ClaireVSuggs,404,1369,0
860,john fleming,RepFleming,12695,1638,1
861,rosemary lehmberg,RoseLehmberg,1,0,0
862,stephen nodine,NodineTweets,205,445,0
863,kevin mccarthy,GOPLeader,277576,10242,1
864,michelle nunn,MichelleNunn,10749,1860,1
865,corrine brown,CorrineBrownCon,141,106,0
866,peter pantuso,PantusoPeter,161,261,0
867,carol morgan,AtlantaPR,7625,17277,0
868,debbie mayfield,debbie_mayfield,4726,4731,0
869,chris bowers,chrisbowers,472,8725,0
870,colleen kiernan,ckiernanATL,243,220,0
871,mickie williams,sup_steez,97,35,0
872,progress florida,ProgressFlorida,12735,29815,0
873,msnbc,MSNBC,2435543,164941,1
874,matt caldwell,mattcaldwell_fl,6627,9831,1
875,david barton,DavidBartonWB,30611,3678,0
876,scott maddox,duffmc2001,139,1893,0
877,steve goreham,stevegoreham,247,59,0
878,ronnie earle,stay_numb_,60,275,0
879,bryan hughes,bryanweather,2685,17230,1
880,penny pritzker,PennyPritzker,3220,240,1
881,jim moore,cougsgo,15865,14837,0
882,lorraine fende,FendeLorraine,16,9,0
883,kai degner,kaidegner,2109,115,0
884,seaworld,SeaWorld,142796,29660,1
885,myra crownover,MyraCrownover,3172,291,0
886,steve israel,RepSteveIsrael,31330,5375,1
887,washington examiner,dcexaminer,159409,403899,1
888,tarina keene,ProtectChoice,684,3175,0
889,todd richardson,Rep_TRichardson,5935,1933,0
890,pete hegseth,PeteHegseth,188694,9530,1
891,rodney ellis,RodneyEllis,13403,12158,0
892,steve wise,notamagi,562,2308,0
893,marina dimitrijevic,supervisormd,1480,2331,0
894,scott keyes,smkeyes,6971,14023,1
895,deval patrick,DevalPatrick,39835,1704,1
896,steve loomis,48Stevie,0,0,0
897,james woods,RealJamesWoods,2125054,28523,1
898,tom steyer,TomSteyer,227428,7187,1
899,vance smith,vanceasmith,701,961,0
900,joe wilkinson,gillinghamjoe,350218,3191,1
901,michele walsh,Brez70,97,406,0
902,jim mcdermott,RepJimMcDermott,14909,1887,1
903,zoe lofgren,ZoeLofgren,501,142,1
904,david caton,DAVECATON01,1558,4528,0
905,morten jerven,MJerven,4823,3666,0
906,scott peters,ScottPetersSD,11218,5322,1
907,john klenke,9773powerstroke,1,1,0
908,janice hahn,SupJaniceHahn,15399,6099,1
909,jennifer parrish,JenParrish777,752,3450,0
910,ralph reed,ralphreed,13134,6396,1
911,anthony weiner,CarlosDWeiner,116,132,0
912,sandra stotsky,sgstotsky,761,7755,0
913,mike prendergast,MPrendergastTX,3691,12746,0
914,jim gilmore,gov_gilmore,5336,2771,1
915,maria bartiromo,MariaBartiromo,476307,27037,1
916,big gamble nj,BigGambleNJ,50,68,0
917,teresa ghilarducci,tghilarducci,3874,1413,0
918,jack roberts,By_JackRoberts,8272,14787,0
919,josh trevino,Parallelfilmss,403,5281,0
920,ilyse hogue,ilyseh,41968,25033,1
921,tucker carlson,TuckerCarlson,2626816,3956,1
922,tim sheehy,TimSheehy,582,8290,0
923,andy craig,nland360,2158,6705,0
924,jose rodriguez,Josseroodriguez,366945,4983,1
925,wesley clark,WesClark,1615,2568,0
926,chris riley,Chris_Riley2,10179,7995,1
927,doreen costa,DoreenCostaRI,1086,1528,0
928,duriya farooqui,DuriyaFarooqui,1669,1789,0
929,kimberly guilfoyle,kimguilfoyle,1507015,6306,1
930,american petroleum institute,APIenergy,69032,37405,1
931,hank gilbert,Hank4Texas,1107,766,0
932,dana milbank,Milbank,113595,4201,1
933,todd tiahrt,reptoddtiahrt,161,414,0
934,ryan frazier,RyanLFrazier,2547,1812,0
935,charlie sykes,SykesCharlie,154939,89412,1
936,robert kraig,RKraig1912,911,2185,0
937,gary lambert,GaryLambertNH,1685,5221,0
938,pink pony,showbars,5572,2935,0
939,chris dudley,ChrisUnderoath,16560,13317,1
940,jimmy barrett,jameshbarrett,531,1483,0
941,tom craddick,craddick_tom,20,345,0
942,gail collins,gailcollins,62949,659,1
943,david segal,SegalforRI,391,272,0
944,dana wachs,DanaJWachs,2485,3731,0
945,mike hymes,THS67,50,702,0
946,bob barr,bobbarr,5034,3059,0
947,gloria romero roses,gromeroroses,408,497,0
948,maria shriver,mariashriver,2206739,14222,1
949,jim mowrer,jimmowrer,1802,2264,1
950,joseph levy,josephmlevy,438,10756,0
951,charles odimgbe,Chazorlee,5,0,0
952,jim rubens,JimRubens,829,1509,0
953,bill mccoshen,billmccoshen,1192,4075,0
954,justin trudeau,JustinTrudeau,4487269,23074,1
955,ted kanavas,Ted_Kanavas,511,75,0
956,rhode island senate,RISenate,12663,6105,1
957,luis alejo,SupervisorAlejo,3658,20817,0
958,van jones,VanJones68,828262,35543,1
959,butch conway,conwaysheriff,242,80,0
960,vernon keenan,vkeenan,126,188,0
961,richard morrison,RichardTeam,948,59,0
962,house majority pac,HouseMajPAC,5283,5278,1
963,peter morici,PMorici1,11185,13471,0
964,julie pace,jpaceDC,64614,8458,1
965,cnn,CNN,41901400,241408,1
966,nancy grace,NancyGrace,429673,24446,1
967,jeff sessions,jeffsessions,58255,11,1
968,hunter schwarz,hunterschwarz,20397,56146,1
969,michael bennet,MichaelBennet,21097,1191,1
970,lauren hitt,LaurenHitt,3701,10141,0
971,roy zimmerman,royzimmerman,2603,836,1
972,stuart sternberg,wdwfanzonestu,7693,57968,0
973,woody degan,Degan4Senate,4,116,0
974,linda mcmahon,Linda_McMahon,83510,3813,1
975,paul manafort,PaulManafort,82024,159,1
976,randy neugebauer,RandyNeugebauer,13997,3863,1
977,kal penn,kalpenn,607656,12517,1
978,jeff miller,jeffmillerla,1490,1146,1
979,burger king,BurgerKing,1745435,24649,1
980,alternativepac,AlternativePac,251,35,0
981,bill seitz,BillSeitz,1671,50133,0
982,kate obenshain,kateobenshain,8342,6148,0
983,mike coffman,RepMikeCoffman,41557,3678,1
984,donna garner,dmgarner13,366,336,0
985,scott garrett,RepGarrett,6319,796,1
986,tim ziemer,tziemer763,0,0,0
987,daniel greenfield,Sultanknish,12614,30884,0
988,ted ankrum,TedAnkrum,46,171,0
989,matt mackowiak,MattMackowiak,22860,198480,0
990,tammy duckworth,SenDuckworth,542884,5493,1
991,dan ramos,danramoscomedy,1029,7833,0
992,tom corbett,CorbettforGov,5839,2431,1
993,brian schweitzer,brianschweitzer,4867,242,0
994,jay goyal,jaygoyal,256,325,0
995,ken mercer,TheMoves,85,2179,0
996,ken langone,realkenlangone,514,2,0
997,kent conrad,Conradozxc,178,1777,0
998,mike scott,mikescott,35672,18395,1
999,tom nelson,tan123,18338,178010,0
1000,mark begich,MarkBegich,4879,1162,1
1001,patrick moore,EcoSenseNow,75190,40153,0
1002,mike gravel,MikeGravel,78110,849,1
1003,linda finn,Lindafblue,1671,27783,0
1004,jerry falwell,JerryFalwellJr,72165,4486,1
1005,julaine appling,sixfooter,275,3653,0
1006,kari chisholm,karichisholm,1874,2505,0
1007,john lott,LottOnBaseball,24985,46969,1
1008,ruben navarrette jr,RubenNavarrette,5085,2494,0
1009,jeremy schaap,JeremySchaap,121681,8452,1
1010,jamie samons,jamiesamons,420,5063,0
1011,john raese,RaeseForSenate,186,244,0
1012,heather beaven,ElectBeaven,1743,21770,0
1013,john stemberger,JohnStemberger,2408,9992,0
1014,jonah goldberg,JonahNRO,326169,136975,1
1015,charlene lima,CharleneLimaRI,607,689,0
1016,steven rattner,SteveRattner,68807,8431,1
1017,dwight holton,RogueDew,1231,2209,0
1018,carol browner,Kandice_Masinga,1,0,0
1019,gary painter,GaryDeanPainter,921,2377,0
1020,sonji jacobs,SonjiJacobs,2281,5283,0
1021,gloria steinem,GloriaSteinem,322568,713,1
1022,jay leno,jayleno,637863,7389,1
1023,franklin graham,Franklin_Graham,1915708,11457,1
1024,joel klatt,joelklatt,127484,17141,1
1025,mark kirk,SenatorKirk,54381,6585,1
1026,georgia farm bureau,GaFarmBureau,5810,12413,0
1027,brian anderson,AndersonBrian01,3457,1100,1
1028,clay cox,CoachCox19,8805,19063,0
1029,scott desjarlais,DesJarlaisTN04,18017,4734,1
1030,joseph mcnamara,Joemacisbatman,222,848,0
1031,sandra smith,SandraSmithFox,189427,8088,1
1032,suzanne devlin,GrevlinSuzanne,24,55,0
1033,doug macginnitie,mac4sos,760,284,0
1034,josh fox,joshfoxfilm,56122,41043,1
1035,john sharp,JohnSharp99,2723,10726,1
1036,will kraus,unclekraus,257,226,0
1037,larry kilgore,DrLarryKilgore,229,55,0
1038,gary schaer,GarySchaerNJ,896,0,0
1039,donald rumsfeld,RumsfeldOffice,82150,1006,1
1040,theresa price,theresaprice21,309,2173,0
1041,terry gorman,TerryJGorman,285,1162,0
1042,steven frias,StevenFD_,82,237,0
1043,susan sosnowski,SozMama,2,2,0
1044,dan kapanke,DanKapanke,840,984,0
1045,dana perino,DanaPerino,1826735,37070,1
1046,gayle smith,GayleSmith,6585,454,1
1047,david wu,PG_Mashumaro,12002,2020,1
1048,ari melber,AriMelber,537887,50163,1
1049,corey stewart,CoreyStewartVA,27526,7177,1
1050,justin amash,justinamash,174439,15979,1
1051,lz granderson,LZGranderson,41911,24373,1
1052,buddy carter,RepBuddyCarter,18614,1777,1
1053,bruce starr,brucestarr29,2270,6852,0
1054,charlie flemming,charlieflemmin1,245,53,0
1055,pam bondi,PamBondi,30833,1016,0
1056,mark geist,MarkGeistSWP,38042,3388,0
1057,andrea mitchell,mitchellreports,1758666,48568,1
1058,jon voight,jonvoight,78668,15,1
1059,mike tate,michaeljtate,1630,505,0
1060,john ludlow,surfglen,500,2101,0
1061,bob hackworth,BobHackworth,236,659,0
1062,vicki shabo,VShabo,1515,5265,0
1063,barry duval,barry_duval,4,0,0
1064,richard corcoran,richardcorcoran,15986,4150,1
1065,stacey campfield,realstaceyc,202,707,0
1066,michelle litjens,michellelitjens,2038,1970,0
1067,basil seggos,BasilSeggos,1843,1833,0
1068,charlotte lehan,Charbs51,7,0,0
1069,jennifer granholm,JenGranholm,105346,20993,1
1070,rick barber,rick03907,888,10281,0
1071,sandy pasch,sandyforsenate,756,163,0
1072,stacey abrams,staceyabrams,470014,10233,1
1073,larry sabato,LarrySabato,145225,25244,1
1074,david corn,DavidCornDC,726611,66521,1
1075,eleanor holmes norton,EleanorNorton,33228,4995,1
1076,martha mcsally,SenMcSallyAZ,60516,3357,1
1077,heidi heilman,HeidiHeilman,26,24,0
1078,eva galambos,evagalambos,46,10,0
1079,fred clark,SlacktivistFred,3929,10202,0
1080,dan gecker,dangecker,203,62,0
1081,donny deutsch,DonnyDeutsch,89548,2175,1
1082,sanford bishop,SanfordBishop,19485,1990,1
1083,ismael ozanne,DaneDAOzanne,149,80,0
1084,frank lobiondo,FrankLoBiondoNJ,17176,4568,0
1085,lucy flores,LucyFlores,23796,14116,1
1086,joe donnelly,deaco2000,2745,8106,1
1087,eric holder,EricHolder,482332,706,1
1088,jd alexander,Jdalexander64,974,8018,0
1089,john chisholm,johndchisholm,1229,2681,0
1090,robert bennett,WAVY10Bob,2617,38468,0
1091,dan saltzman,DanSaltzman1016,50,618,0
1092,rod smith,TheREALrodSmith,60975,6143,1
1093,jane kidd,janekidd12,444,1315,0
1094,paul bedard,SecretsBedard,21992,28437,1
1095,michael madigan,madiganm,1561,179,1
1096,jon richards,iamthejmark,869,604,0
1097,jorge elorza,Jorge_Elorza,12468,6523,1
1098,richard burr,SenatorBurr,150519,3760,1
1099,christopher little,ChrisLittle25,164,617,0
1100,tim grendell,TimGrendell,0,0,0
1101,frank brogan,FrankNutr,81,20,0
1102,celia israel,CeliaIsrael,6790,4252,0
1103,amy schumer,amyschumer,4725764,7638,1
1104,joe walsh,WalshFreedom,163985,61855,1
1105,larry gonzales,gonzolk,43,537,0
1106,brian kilmeade,kilmeade,406616,19924,1
1107,jeff wagner,Jeff_Wagner4,2567,12727,1
1108,mike collins,MIKECOLLINS99,2754,10647,0
1109,cnsnews,cnsnews,117672,70291,1
1110,josh hawley,HawleyMO,48279,2695,1
1111,greg steube,gregsteube,5617,726,1
1112,richard woods,Richard_Woods,10824,7464,1
1113,amy hanauer,amyhanauer,2123,8107,0
1114,rich lowry,RichLowry,172911,25038,1
1115,marla stephens,marla_stephens,8,15,0
1116,david frum,davidfrum,747065,61707,1
1117,jacky rosen,RosenforNevada,37090,2195,1
1118,liberals are cool,LiberalsAreCool,2733,54849,0
1119,bob ryan,GlobeBobRyan,109834,8334,1
1120,allan levene,LEVENEBRICKWORK,15,8,0
1121,gary cobb,cobbyqpr,532,3454,0
1122,ernest almonte,ErnestAlmonte1,3,15,0
1123,jeff brandes,JeffreyBrandes,10069,12567,0
1124,chris devaney,FormerChairman,2182,1821,0
1125,allen alley,allen_alley,1907,8263,0
1126,janet napolitano,t_tenglish,638,7,0
1127,curt schilling,gehrig38,256871,50859,1
1128,steve buckstein,SteveBuckstein,611,701,0
1129,carl paladino,CarlPaladino,6975,2006,0
1130,joy pullmann,JoyPullmann,7570,12214,1
1131,dan stein,DanS_journalism,104,592,0
1132,charlie baird,charliebaird10,34,66,0
1133,sherry sylvester,sylvester1630,534,875,0
1134,brian robinson,br524,1387,6736,0
1135,dan becker,becker513,1741,6937,0
1136,basic rights oregon,basicrights,6578,7001,0
1137,beverly hall,IrishBones69,182,2156,0
1138,reclaim america pac,TeamReclaim,17,0,0
1139,scott jones,FOX59SJONES,12757,4825,1
1140,gordon quan,GordonQuan,283,52,0
1141,stacey evans,EvansforGeorgia,5270,1018,0
1142,whoopi goldberg,WhoopiGoldberg,1447539,4272,1
1143,sylvia romo,sylromo,348,5666,0
1144,mark sanford,MarkSanford,13951,1673,1
1145,competitive enterprise institute,ceidotorg,11390,21460,1
1146,william howell,ProfWillHowell,1723,971,0
1147,bill kennemer,repbillkennemer,422,104,0
1148,michael chippendale,mickchip,10,7,0
1149,joe morrissey,MorrisseyPhotos,1537,1457,0
1150,deborah kafoury,dkafoury,5426,8853,0
1151,elizabeth cohen,elizcohencnn,20681,1903,1
1152,madison action fund,MadisonAction,80,50,0
1153,brad avakian,BradAvakian,2511,1201,0
1154,breitbart,BreitbartNews,1095941,107690,1
1155,kathleen passidomo,Kathleen4SWFL,2869,733,0
1156,joe atkins,MrJophoto,965,3619,0
1157,bill mitchell,mitchellvii,413809,141026,1
1158,ertharin cousin,ertharin,97,1,0
1159,barry garner,Bazag69,324,1625,0
1160,lenny curry,lennycurry,20315,18124,1
1161,bill gates,BillGates,47175167,3068,1
1162,ben bius,BenBius,251,279,0
1163,xavier becerra,AGBecerra,63167,5226,1
1164,charley wilkison,charleywilkison,578,869,0
1165,don lemon,donlemon,868686,22916,1
1166,baker harrell,itstimefounder,841,1091,0
1167,amanda fritz,AmandaFritzRN,6651,6025,0
1168,george holding,RepHolding,16253,866,1
1169,chuck donovan,Dunnie42,86,404,0
1170,peter schweizer,peterschweizer,40070,1214,0
1171,john shimkus,RepShimkus,29847,10429,1
1172,stephanie desilva,StephanieDesi10,1,0,0
1173,daniel rodriguez,sethillgard,876,6427,0
1174,gina hinojosa,GinaForAustin,6204,5412,0
1175,mahmoud ahmadinejad,Ahmadinejad1956,99977,228,1
1176,matt gaetz,mattgaetz,118687,9819,1
1177,jan schakowsky,janschakowsky,41094,7469,1
1178,chris van hollen,ChrisVanHollen,149957,4465,1
1179,james skeffington,jamesskeff2013,1,15,0
1180,one nation pac,OneNationPAC,389,1164,0
1181,kenneth mckay,McKayKH_95,142,7915,0
1182,jamie oliver,jamieoliver,6753729,35019,1
1183,steve doocy,SteveDoocy,251765,6288,1
1184,yvette mcgee brown,YvetteMB1,2776,1242,0
1185,al roker,alroker,2521563,21616,1
1186,jim taricani,jim_taricani,753,1915,0
1187,bing west,BingWest,1771,259,0
1188,ron shipman,RonShipman2,1,1,0
1189,lori haas,LoriHaasVA,2023,648,0
1190,john morgan,JohnMorganESQ,64081,9887,1
1191,jb powell,JBPowell11,293,347,0
1192,doug ducey,dougducey,54077,14060,1
1193,stephanie schriock,Schriock1,22321,6381,1
1194,ken hagan,hagan2010,100,16,0
1195,katrina shankland,RepShankland,2652,2010,1
1196,elizabeth dennigan,xoladiegaga,4,7,0
1197,steve doell,DeadlyDoellies,22,6,0
1198,jerome buting,JButing,102396,2890,0
1199,mallard fillmore,fillinator,6,2,0
1200,dale earnhardt jr,DaleJr,2475991,18793,1
1201,joe sanfelippo,Joe_Sanfelippo,40385,41485,0
1202,craig miller,junior_miller,176405,6862,1
1203,michelle mosby,MsHelpMeHelpYou,845,3494,0
1204,mick mulvaney,MickMulvaneyOMB,36361,64,1
1205,ted piccolo,tedpiccolo,16,6,0
1206,barbara lee,BarbaraLeeSays,5659,7766,1
1207,jennifer carroll,ChefJenCarroll,38390,6054,0
1208,pam stewart,pstewart78,283,1060,0
1209,david pennington,pennington03,2651,4360,0
1210,chris latvala,ChrisLatvala,4887,17095,0
1211,stop gillnetting now,StopGillnetting,28,36,0
1212,larry pressler,larrypressler,580,299,0
1213,national review,NRO,323701,93052,1
1214,liz cheney,Liz_Cheney,92821,1855,1
1215,beth harwell,BethHarwellTN,15105,2517,1
1216,joni ernst,joniernst,37497,1701,1
1217,myra signer,MyraSigner,0,0,0
1218,mary jordan,marycjordan,6909,5183,1
1219,bill de blasio,BilldeBlasio,149966,1238,1
1220,richard shelby,SenShelby,80125,2180,1
1221,james carville,JamesCarville,48522,250,1
1222,tom perriello,tomperriello,102721,9572,1
1223,nia gill,gill_nia,348,1168,0
1224,weston wamp,westonwamp,3033,4493,0
1225,lauren kane,lelizabethkane,426,436,0
1226,ian lang,IanLangITVWales,1527,3052,0
1227,michael cohen,MichaelCohen212,442186,9226,1
1228,stephen fincher,RepFincherTN08,9485,2961,1
1229,eugene mckenna,euggmac,16,10,0
1230,reza aslan,rezaaslan,288532,55777,1
1231,chris widener,ChrisWidener,123065,18471,0
1232,nationwide,Nationwide,62789,15539,1
1233,empowered georgia,empoweredga,1226,484,0
1234,michael cutler,cutlermj,651,1584,0
1235,gavin mcinnes,DefendGavin,7779,144,0
1236,ken paxton,KenPaxtonTX,39927,6511,1
1237,glenn nye,GlennNye,3456,634,1
1238,shawn oconnor,ShawnsWineLife,124,1482,0
1239,tom ganley,tomganley,675,227,0
1240,emil runge,RungeEmil,39,52,0
1241,victoria jackson,VictoriaJackson,15272,1231,0
1242,bob bennett,BobBennett_b2,2100,1213,0
1243,chris koster,Koster4Missouri,18057,1695,1
1244,dan moore,DANandMOORE,16015,14093,1
1245,brad woodhouse,woodhouseb,27437,45043,1
1246,charles cooper,coopeydoop,6142,11939,1
1247,oxfam ireland,OxfamIreland,11245,15221,1
1248,jason rae,JasonRRae,4096,9995,1
1249,jennifer horn,NHJennifer,3988,6665,0
1250,brad blakeman,BradBlakeman,124,2564,0
1251,efrain de la fuente,VoteDeLaFuente,7,154,0
1252,nancy jester,nancy_jester,2116,10638,0
1253,rebecca kleefisch,RebeccaforReal,12868,4212,1
1254,nadine smith,NadineMCSmith,1536,4139,0
1255,eric johnson,EricJJohnson79,49959,30948,1
1256,brian schatz,brianschatz,211024,11272,1
1257,bumper sticker,bumpstickideas,459,995,0
1258,occupy providence,OccupyProv,5626,1040,0
1259,mark tapscott,MarkTapscott,25,1626,0
1260,elton john,eltonofficial,745157,5141,1
1261,bob schieffer,bobschieffer,111369,1343,1
1262,judy manning,jboppwrites,496,8222,0
1263,tony evers,Tony4WI,29201,1820,1
1264,naacp,NAACP,397269,28349,1
1265,robert malin,So1idarityMedia,529,16215,0
1266,john roberts,JohnRobertsFun,34900,1395,1
1267,rick boucher,rickboucherdc,64,25,0
1268,elaine phillips,ElainePhillips1,156,451,0
1269,patrick mchenry,PatrickMcHenry,24829,4821,1
1270,jack trammell,jacktrammell,1041,1963,0
1271,dave schwartz,Dave_Schwartz,20291,62494,1
1272,barbara comstock,BarbaraComstock,11578,8910,1
1273,scott fitzgerald,SenFitzgerald,4945,1939,1
1274,brook hines,nashville_brook,2286,16964,0
1275,al jazeera america,ajam,317945,36346,1
1276,susan pitman,kitykity,899,4939,0
1277,babur lateef,lateef4chair,335,216,0
1278,jonathan steitz,JonathanSteitz,5605,262,0
1279,jack bogdanski,bojack54,1381,33640,0
1280,derek ryan,DerekAllenRyan,4639,573,1
1281,brent larkin,brentlarkin,133,318,0
1282,mary matalin,MaryMatalin,59,18,0
1283,sheila harsdorf,senharsdorf,54,0,0
1284,ron amstutz,rkagolf,35,84,0
1285,fran lebowitz,franlebowitz,6622,1,0
1286,firearms policy coalition,gunpolicy,27115,11513,0
1287,ben shapiro,benshapiro,2136694,139656,1
1288,kellyanne conway,KellyannePolls,2721423,7934,1
1289,major garrett,MajorCBS,189876,27817,1
1290,tom rooney,TomRooney,23679,3026,1
1291,ross douthat,DouthatNYT,154802,29461,1
1292,mike gallagher,radiotalkermike,78364,8873,1
1293,cecile richards,CecileRichards,189666,11658,1
1294,georgia gun owners,GaGunOwners,1654,2364,0
1295,phil ruffin,PhilRuf,53,1070,0
1296,jeff flake,JeffFlake,663087,2768,1
1297,rula jebreal,rulajebreal,120867,22849,1
1298,dino rossi,DinoRossiWA,3728,161,1
1299,senfronia thompson,Senfronia4Texas,1640,150,0
1300,steve oroho,SteveOroho,59,0,0
1301,end citizens united,StopBigMoney,54304,10063,1
1302,brian newberry,_CoachNew,10129,648,0
1303,colin van ostern,ColinVanOstern,5288,4573,0
1304,lars larson,LarsLarsonShow,23100,15181,0
1305,rob woodall,RepRobWoodall,13191,984,1
1306,chris bollwage,MayorBollwage,3458,9045,0
1307,john whitbeck,JohnWhitbeck,5516,8180,1
1308,jackie speier,RepSpeier,134870,5449,1
1309,kai ryssdal,kairyssdal,166386,46634,1
1310,mike stenhouse,mikesten,1613,10224,0
1311,david englin,david_englin,67,101,0
1312,veronica escobar,vgescobar,24728,9031,1
1313,chris telfer,SenChrisTelfer,228,104,0
1314,jimmie don aycock,Aycockjda,3679,133,0
1315,john driscoll,OPDPresources,439,3249,0
1316,ruth marcus,RuthMarcus,41250,3936,1
1317,duf sundheim,DufSundheim,6,0,0
1318,oregon food bank,oregonfoodbank,5338,7504,0
1319,cormick lynch,CormickLynch,263,239,0
1320,david sutton,davidball1978,2218,17305,0
1321,alisha thomas morgan,AlishaMorgan,2914,1496,0
1322,matt lundy,mattlundy33,964,6222,0
1323,arne duncan,arneduncan,23827,7675,1
1324,ken detzner,KenDetzner,1217,680,1
1325,heather moore,HMooreTV,4032,2023,1
1326,lauren benedict,laurenbeeswax,111,494,0
1327,rob gleason,glebo15,32,32,0
1328,richard august,RichAugust1,378,3269,0
1329,jess mcintosh,jess_mc,46759,29537,1
1330,seth magaziner,SethMagaziner,4895,3734,0
1331,jeffrey toobin,JeffreyToobin,228774,4596,1
1332,david pepper,DavidPepper,19576,90299,1
1333,paul doughty,PaulDoughty1,2093,8503,0
1334,scott turner,ScottyT6,2258,1102,0
1335,mike ryan,mikeryan,25532,26109,1
1336,john podesta,johnpodesta,206289,1908,1
1337,trebor banstetter,Banstetter,360,757,0
1338,eva longoria,EvaLongoria,7259347,15981,1
1339,charles koch,CKinstitute,17086,11071,1
1340,american bird conservancy,ABCbirds,23868,12960,0
1341,joe wilson,RepJoeWilson,13332,2626,1
1342,callista gingrich,CallyGingrich,19201,3864,1
1343,thom hartmann,Thom_Hartmann,109183,28497,1
1344,common sense kids action,CSKidsAction,3980,4765,1
1345,chuck fleischmann,RepChuck,15617,2521,1
1346,chris dorworth,ChrisDorworth,2447,7064,0
1347,dana bash,DanaBashCNN,383764,10732,1
1348,heritage foundation,Heritage,645557,84194,1
1349,jim cooper,repjimcooper,24772,2960,1
1350,victoria cobb,toricobb3,437,14875,0
1351,barbara cargill,barbaracargill,11,1,0
1352,rob astorino,RobAstorino,17307,6533,1
1353,jonathan stickland,RepStickland,10563,2101,0
1354,jimmy flannigan,JimmyFlannigan,3317,6287,0
1355,janet freedman,jrfreedman1,10,1,0
1356,elisabeth hasselbeck,ehasselbeck,370929,3939,1
1357,susan shapiro,Susanshapironet,40227,4340,0
1358,stephen kretzmann,Kretzmann,3097,5317,0
1359,anita perry,AnitaPerryTX,3884,25,1
1360,mike enzi,SenatorEnzi,89966,4293,1
1361,rick saccone,RickSaccone4PA,13013,1301,1
1362,chuck norris,chucknorris,127655,960,0
1363,nicholas gorham,NicholasGorham,411,386,0
1364,pete koekstra,petekoekstra,0,1,0
1365,ed turanchik,ETuranchik,280,281,0
1366,martha raddatz,MarthaRaddatz,103076,2218,1
1367,ted olson,teotwits,78,772,0
1368,janet howell,JanetHowellPye,225,488,0
1369,kathy miller,SupeKathyMiller,575,393,0
1370,jesse ventura,GovJVentura,106208,8906,1
1371,preston smith,PrestonSmith94,31678,7667,1
1372,michael julian bond,Michael_J_Bond,1252,2534,0
1373,larry pratt,larrypratt,6986,3341,0
1374,dawson hodgson,DawsonHodgson,1606,3678,0
1375,presente,PresenteOrg,17897,16869,0
1376,nick gillespie,nickgillespie,85566,61106,1
1377,barney frank,BarneyFrank,22376,227,1
1378,john bel edwards,JohnBelforLA,17313,4317,1
1379,dan lucas,WFLADan,2332,15050,1
1380,david stockman,davidstockman,508,4106,0
1381,andy puzder,AndyPuzder,9727,2856,1
1382,joshua miller,jm_bos,7111,11031,1
1383,henry cisneros,henrygcisneros,1948,305,0
1384,dennis linthicum,DennisLinthicum,819,1196,0
1385,doug stoner,doug_stoner,264,57,0
1386,multnomah county,MultCoLib,12238,18250,1
1387,mike thompson,RepThompson,27550,8009,1
1388,wayne deangelo,DeAngeloLD14,696,339,0
1389,peter feigin,pfeigin,3266,469,0
1390,jay webber,JayWebberNJ,3446,1221,1
1391,justin hewlett,justin_hewlett,150,651,0
1392,kevin coughlin,kcough,922,3925,0
1393,steven goldstein,sjgoldstein,2491,3480,0
1394,james florio,jamesflorio,38,17,0
1395,oregon senate republicans,ORSenateRs,3790,2783,0
1396,timothy geithner,TimGeithnerRX,234,206,0
1397,sam rashid,SamSRashid,145,858,0
1398,david beckham,DaviBeckham24x7,17489,19420,0
1399,bryan underwood,bwood,298,2358,0
1400,jeff cogen,JeffCogen,4121,1825,0
1401,john legend,johnlegend,12680070,13179,1
1402,kofi annan,KofiAnnan,269059,4819,1
1403,john kirby,johnfkirby63,20348,1366,1
1404,maria cardona,MariaTCardona,50398,34474,1
1405,brian fallon,brianefallon,165343,11689,1
1406,artur davis,ArturDavis,8709,6,1
1407,gary peters,GaryPeters,10751,1883,1
1408,stephen lisauskas,stephnlisauskas,3,23,0
1409,dave joyce,RepDaveJoyce,20609,4230,1
1410,carol alvarado,CarolforTexas,12579,8370,0
1411,annise parker,AnniseParker,77803,10537,1
1412,minka kelly,minkakelly,303709,3082,1
1413,justin barasky,JustinBarasky,7356,44381,0
1414,trey gowdy,TGowdySC,1017210,1918,1
1415,neil cavuto,TeamCavuto,624386,10673,1
1416,andy gardiner,AndyGardiner,543,9366,0
1417,colin powell,cpowellschool,5493,2535,0
1418,elizabeth ames jones,ElizAmesJones,51,0,0
1419,joe miller,Joe_Miller,126318,19219,1
1420,john cortes,cortes_john,3164,12236,0
1421,sheryl cole,SherylCole1,2734,1986,0
1422,jim lampley,exfire21,334,6390,0
1423,carolyn medeiros,Carolynwnhq,16,0,0
1424,mark herring,MarkHerringVA,35493,5995,1
1425,julia sass rubin,JuliaSassRubin,577,2960,0
1426,tavis smiley,tavissmiley,334207,13598,1
1427,renewable fuels association,EthanolRFA,11504,13874,1
1428,jill chambers,jillchamberss,509,8198,0
1429,thomas sowell,SowellColumn,17029,16128,0
1430,matt damon,MattDamonOnline,6550,201,0
1431,marie corfield,mariecorfield,2964,27359,0
1432,patrick johnston,risingaction,5834,87266,1
1433,steve leslie,sjlcards,279,784,0
1434,alex castellanos,alexcast,19644,5377,1
1435,eric eisnaugle,ElectEric,3,0,0
1436,rick lazio,RickLazio,3376,1837,0
1437,susan latvala,SLatvala,296,80,0
1438,hillary davis,MarcheDimanche,8682,8665,0
1439,jeff graham,JeffGrahamAtl,1217,4951,0
1440,wisconsin humane society,WiscHumane,8288,29554,0
1441,connie stokes,CS_Publishing,138,115,0
1442,larry valencia,LarryValencia13,965,1502,0
1443,daniel harrop,PrinceOfHarrop,83,358,0
1444,lisa bloom,LisaBloom,116224,29418,1
1445,pete winstead,PeteWinstead,67,110,0
1446,michael medved,MedvedSHOW,46556,4602,1
1447,mark brodeur,markbrodeur28,227,5567,0
1448,david sweetser,DSweetser2,0,0,0
1449,shirley turner,shirlsyourgirl,281,725,0
1450,bill posey,congbillposey,22874,1268,1
1451,nik kovac,nikovac,535,144,0
1452,john boccieri,RepJohnBoccieri,865,258,0
1453,urban intellectuals,urbanintellects,3851,14735,0
1454,anne hathaway,Hathaway_France,15464,35064,0
1455,tom fanning,Tom_Fanning_Ag1,658,860,0
1456,bill montford,BillMontford,231,0,0
1457,mike rawlings,Mike_Rawlings,35350,4380,1
1458,john bolton,AmbJohnBolton,628979,4591,1
1459,dean cannon,DeanCannon,2978,203,0
1460,colleen conley,cconleyyyy,129,3274,0
1461,jason riley,JasonRileyWDRB,11921,36239,1
1462,valinda bolton,ValindaBolton47,526,15,0
1463,gabrielle giffords,GabbyGiffords,269213,3769,1
1464,margaret gomez,MGomez714,45,3698,0
1465,hugh hewitt,hughhewitt,179672,117316,1
1466,dan branch,TexansForDan,13964,2709,1
1467,matt rinker,Matt_Rinker_,90,5429,0
1468,american life league,AmerLifeLeague,15641,9490,1
1469,bob tiernan,bobtiernan,258,2809,0
1470,charlie bethel,CharlieBethel,2153,1702,0
1471,jeff weems,JeffWeems3,1847,417,0
1472,david silverman,MrAtheistPants,57582,24165,1
1473,roxanne ross,RoxyRoss,524,6139,0
1474,frank lasee,franklasee,80,28,0
1475,eugene sepulveda,EugeneAustin,3473,14401,0
1476,public citizen,Public_Citizen,113899,28881,1
1477,brett smiley,brettsmiley,8041,12512,1
1478,rob moshein,AustinWineGuy,338,728,0
1479,cornel west,CornelWest,852857,2932,1
1480,john mckeon,jtmckeon,517,11099,0
1481,martin smith,MartinSmithTV,83515,3213,1
1482,charles boustany,charlesboustanl,116,167,0
1483,doug miller,DougObserver,1478,4871,1
1484,john fetterman,JohnFetterman,37773,9768,1
1485,jack conners,srennoc,160,2266,0
1486,leo berman,RepBerman,160,10,0
1487,allison tant,allisontant,3282,12721,0
1488,ed whitacre,retiredceo,46,0,0
1489,jim bridenstine,JimBridenstine,52293,947,1
1490,john oxendine,Johnoxendine,94,221,0
1491,james parisi,JamesAParisi,582,720,0
1492,michael murphy,murphm95,49753,1291,0
1493,jamie weinstein,Jamie_Weinstein,19809,37783,1
1494,janet bewley,JanetBewley4WI,688,120,0
1495,tom delay,tomdelaybeats,960,6544,0
1496,ovide lamontagne,ovidein2010,1379,503,0
1497,jeff judson,Jeffrey8912,56,1266,0
1498,media matters,mmfa,392871,83196,1
1499,shaun donovan,Shaun_Don66,463,0,1
1500,ian bremmer,ianbremmer,427667,37689,1
1501,tom petri,tcpetri,112,7,0
1502,james crowley,TherealJCrowley,251,8607,0
1503,kathie glass,KathieGlass4Tx,597,1253,0
1504,marc lamont hill,marclamonthill,392884,69083,1
1505,raw story,RawStory,197576,205974,1
1506,lgbt progress,LGBTProgress,46482,11034,0
1507,michael tyler,MichaelTyler93,5230,15524,1
1508,wisconsin transportation builders association,WIRoadbuilders,35,41,0
1509,shirley anderson,shirlsy,894,4075,0
1510,susan yoshihara,susan_yoshihara,72,66,0
1511,jason kander,JasonKander,326274,15635,1
1512,tina rosenberg,tirosenberg,7851,1141,0
1513,john albers,johnalbers,3388,2738,0
1514,peter nehr,reppeternehr,258,81,0
1515,sara stevenson,ssteven2,631,24264,0
1516,john axford,JohnAxford,78228,9265,1
1517,pete sessions,PeteSessions,34289,6228,1
1518,put alaska first pac,PutAlaskaFirst,180,67,0
1519,carl hosticka,chosticka,1,2,0
1520,tony perkins,TPerkShow,1732,6987,0
1521,scot ross,rossacrosswi,5016,15103,1
1522,ted ferrioli,tedferrioli,529,80,0
1523,daniel webster,RepWebster,25123,3339,1
1524,zack space,ZackSpaceOhio,3489,855,1
1525,mika brzezinski,morningmika,888519,11561,1
1526,john dennis,Johndliu,2286,1222,0
1527,john matson,johnnymatson,923,2238,0
1528,freedom partners,FreedomPartners,48200,8299,1
1529,sloan roach,sdroach,3,18,0
1530,melanie crozier,melcrozier,140,369,0
1531,glee,GLEEonFOX,2479630,18097,1
1532,joe zepecki,JoeZepecki,929,2228,0
1533,joe theismann,Theismann7,153434,11516,1
1534,jack murphy,JackMurphy219,2717,2541,1
1535,kim thatcher,KimThatcherGOP,1140,163,0
1536,gerald mccormick,GeraldMcCormick,1241,30,0
1537,marshall faulk,marshallfaulk,162290,3362,1
1538,ryan downton,Newfino,123,1758,0
1539,steve santarsiero,SenSantarsiero,3070,2347,1
1540,joe leibham,JoeLeibham,986,847,0
1541,jill vogel,JillHVogel,4032,889,0
1542,gerald daugherty,TeamDaugherty,430,413,0
1543,rob eissler,RobEissler,389,22,0
1544,jim greer,jwgreer3,1081,2638,0
1545,steve kagen,stevekagen,77,0,0
1546,jonathan harris,J_Harris_29,2193,4405,1
1547,calvine rollins,ladycefus,10,97,0
1548,tim mcginty,jprov716,42,844,0
1549,ameripac,AmeriPACorg,117,664,0
1550,bob seger,BobSeger,82501,1422,1
1551,choose new jersey,ChooseNJ,3545,5137,0
1552,cocks not glocks,CocksNotGlocks,2097,486,0
1553,genevieve wood,genevievewood,6102,8107,0
1554,daily mail,MailOnline,2352319,268102,1
1555,warren chisum,chisum_warren,0,1,0
1556,evan goyke,RepGoyke,683,303,1
1557,russ fulcher,RussFulcher,2066,649,1
1558,chris carpenter,ChrisCarp06,1080,320,0
1559,scott hochberg,scotthoch,8,7,0
1560,michael mule,MichaelMule,359,380,0
1561,yolanda adrean,yadrean,528,330,0
1562,yg action fund,YGActionFund,165,161,0
1563,bill bradbury,billbradbury,1006,3258,0
1564,paul summers,summers400,520,3020,0
1565,abel collins,be1Collins,692,878,0
1566,david boies,dajobo,14,63,0
1567,beatrice lanzi,Beatrice_Lanzi,11,22,0
1568,morgan griffith,RepMGriffith,28676,1349,1
1569,jack ohman,JACKOHMAN,6887,7583,0
1570,alexander snitker,AlexSnitker,1302,2911,0
1571,joseph andriole,JoeBruins19,2,1,0
1572,rick mcallister,rickmcallister1,228,284,0
1573,mike plant,MPlantTDR,1225,2433,0
1574,dan fanelli,ElectDan2010,99,31,0
1575,jason brodeur,jasonbrodeur,5408,2187,1
1576,stephen king,StephenKing,5220310,3301,1
1577,kathleen sullivan,kathleennewsie,1391,8241,0
1578,phil kent,PhilKentAtl,2649,7757,0
1579,republican state leadership committee,RSLC,13249,4163,1
1580,mike huebsch,mdhws,8,2,0
1581,gonzalo barrientos,GonBarrientosA,839,1015,0
1582,aziz ansari,azizansari,10861802,7636,1
1583,graeme zielinski,gjzielinski,2878,37200,0
1584,doug otto,otto_doug,93,2287,0
1585,candy crowley,CandyCrowley,220130,530,1
1586,russ carnahan,russcarnahan,1740,589,1
1587,bryan fischer,BryanJFischer,12735,41881,1
1588,now or never pac,NowOrNeverPAC,22,7,0
1589,tim finchem,Not_TimFinchem,55,16,0
1590,sharlene leurig,sleurig,725,1266,0
1591,martina navratilova,Martina,275733,97944,1
1592,leon young,99LeLee,326,109,0
1593,la raza,larazachicago,3865,103140,0
1594,stu burguiere,WorldOfStu,85159,2753,1
1595,joy reid,JoyAnnReid,1394019,145896,1
1596,eugene robinson,Eugene_Robinson,374978,2060,1
1597,curtis foltz,homegrown_foltz,46,684,0
1598,john g edwards,oneat1,1516,5253,0
1599,jimmy massie,countryboy75,2,13,0
1600,charles perry,TheCharlesPerry,20504,19853,1
1601,jim patterson,JimPatterson559,5053,1691,1
1602,richard swett,rnswett,299,62,0
1603,rashad taylor,rashadjtaylor,1548,9307,0
1604,common cause,CommonCause,57039,28479,1
1605,robert kando,robertkando,0,0,0
1606,denise grimsley,denisegrimsley,5635,2443,0
1607,sal albanese,SalAlbaneseNYC,4592,26949,1
1608,raymond gallison,aepasstdirector,9,0,0
1609,kendall jones,beerblog,10688,15294,0
1610,mark critz,realMarkCritz,1491,1904,0
1611,thurbert baker,ThurbertBaker,323,71,0
1612,tim echols,timechols,10364,33740,0
1613,jonathan karl,jonkarl,211812,13581,1
1614,peter nightingale,Peter_Night,382,4421,0
1615,george nee,george_nee,4,2,0
1616,ken tanner,KenWestHam,111,626,0
1617,roberto alonzo,cfa10roberto,202,122,0
1618,mahlon mitchell,MahlonMitchell,11671,3159,1
1619,david madland,DavidMadland,605,424,0
1620,liz carter,withoutdoing,13883,11948,1
1621,judson phillips,judsonphillips,8933,13837,0
1622,courtney combs,cococombs11,75,340,0
1623,debbie riddle,DeeVfl,388,370,0
1624,anthony rendon,Rendon63rd,17664,4815,1
1625,tax foundation,taxfoundation,32733,29846,1
1626,gordon robertson,CBNGordon,14252,2147,0
1627,rick green,VTConfidential,7414,19756,0
1628,zephyr teachout,ZephyrTeachout,109094,19721,1
1629,bill zedler,Bill_Zedler,4845,1636,0
1630,ron hayduk,RonHayduk,145,32,0
1631,arizona house democrats,AZHouseDems,13614,9911,1
1632,american unity pac,AmerUnityPAC,422,258,1
1633,dave hansen,DigLibCopyright,647,850,0
1634,ben rhodes,brhodes,301586,4449,1
1635,eric turner,EricTurner,9260,3451,1
1636,peter orszag,porszag,15607,3797,1
1637,maxey scherr,MaxeyforTexas,1614,1006,0
1638,lynn derbyshire,LynnDerbyshire,0,1,0
1639,regina benjamin,reginabenjamin,1894,290,0
1640,david plouffe,davidplouffe,192436,56,1
1641,katty kay,KattyKay_,117412,27345,0
1642,thomas ratliff,RatliffT,1809,3468,0
1643,mother jones,MotherJones,776927,198832,1
1644,al cardenas,AlCardenasFL_DC,8052,15507,0
1645,warren buffett,WarrenBuffett,1516289,9,1
1646,ken hodges,Ken_Hodges15,236,7394,0
1647,morgan carroll,MorganLCarroll,4996,1933,0
1648,heineken,Heineken,153854,12331,1
1649,jeff clemens,jclemy,1373,18662,0
1650,scott lingamfelter,ScottForVA,15,0,0
1651,clay dafoe,claydafoeaustin,2,1,0
1652,kevin rader,KevinWTHR,6560,9699,0
1653,ernest moniz,ErnestMoniz,11740,427,1
1654,judith zaffirini,JudithZaffirini,4029,1007,0
1655,dominic chavez,dchavezzz_,333,10029,0
1656,evan longoria,Evan3Longoria,375284,7081,1
1657,dino baccari,BaccariDino,1,0,0
1658,bill janis,BillJanis,369,15550,0
1659,drew brees,drewbrees,3154587,3857,1
1660,thad altman,RepThadAltman,3290,3608,0
1661,kip kendrick,Kip_Kendrick,2786,2580,0
1662,jennie lou leeder,JennieLouLeeder,2244,2669,1
1663,jalen ross,Jrooo11,585,106,0
1664,jim marston,JimMarston,2035,7414,0
1665,cato institute,CatoInstitute,357170,68827,1
1666,debra lehrmann,JusticeLehrmann,2379,289,0
1667,pam davidson,PamDavEd,1094,5090,0
1668,christine whitman,Christiinneeyy,469,17681,0
1669,john rafferty,jrafferty,543,2959,0
1670,richard tomlins,RichTomlins,721,2956,0
1671,alan powell,alanpowell10,34679,5386,1
1672,sean patrick maloney,RepSeanMaloney,29396,5608,1
1673,mike berlon,mikeberlon,698,6858,0
1674,chris sgro,cristoferosgro,3334,4596,1
1675,marijuana policy project,MarijuanaPolicy,191842,6330,1
1676,mamie locke,SenatorLocke,2189,286,0
1677,drew springer,DrewSpringer,6811,3912,1
1678,steven costantino,Steve_cost32,63,211,0
1679,russell pearce,RussellPearceAZ,274,54,0
1680,ian prior,ianprior90,2146,2130,1
1681,carole smith,SynNeoMarketing,1448,8598,0
1682,brett bittner,brettbittner,1361,10433,0
1683,wolf blitzer,wolfblitzer,1427789,9992,1
1684,cenk uygur,cenkuygur,375781,22404,1
1685,mike wise,MikeWiseguy,31597,70044,1
1686,todd wilcox,toddwilcox24,204,531,0
1687,dan forest,DanForestNC,10339,5920,0
1688,george lavender,GeorgeLavender,1190,2049,0
1689,david hallock,dhhallock,326,527,0
1690,scott suder,suder13,196,4558,0
1691,enterprise florida,EnterpriseFL,33144,7209,0
1692,milly silva,MillySilva,2197,2816,0
1693,jeff scrima,jscrima,27,1419,0
1694,john birch society,The_JBS,9670,14158,0
1695,jon bramnick,JonBramnick,4882,1350,0
1696,anna kooiman,annakooiman,155931,8427,1
1697,clean water portland,OCSDW,165,10,0
1698,jeff mullis,1_v_1ME,5,3,0
1699,dave claunch,DaveClaunch,11,0,0
1700,mike cernovich,Cernovich,464684,43046,1
1701,lisa tomasso,Lisa_Tomasso,561,702,0
1702,stephen laffey,stephenlaffey,9,22,0
1703,sid covington,SidCovington,141,2561,0
1704,edd houck,eddhouck,69,11,0
1705,anastasia williams,ARoyalOne,732,7420,0
1706,thomas melsheimer,TomMelsheimer,625,361,0
1707,charles krauthammer,krauthammer,829812,405,1
1708,james oneil,JamesEONeil2,223,2388,0
1709,adrian garcia,AdrianGarciaHTX,17655,19392,0
1710,tyrone brooks,tbrooksBIN,3264,718,0
1711,gwyneth paltrow,GwynethPaltrow,2902487,403,1
1712,stephen ucci,stephen_ucci,405,164,0
1713,peter lavelle,PLCROSSTALK,8497,1869,0
1714,dan sebring,SebringDan,223,1129,0
1715,unicef,UNICEF,7532973,42355,1
1716,erin lynch,ErinALynch,969,6751,0
1717,deborah gist,deborahgist,17206,26929,1
1718,kathleen angelucci,Cobbedutweet,21,1,0
1719,juda engelmayer,judae,351,767,0
1720,mario gallegos,MarioGallegosHF,124,178,0
1721,bob,bobsaget,2382581,2425,1
1722,dan pfeiffer,danpfeiffer,558396,22800,1
1723,kurt schuller,schuller53rd,1369,3832,0
1724,brian wilson,BrianWilsonLive,74232,2172,1
1725,doug ainge,dougainge,7,107,0
1726,warren kampf,KampfWarren,4,0,0
1727,thaddeus mccotter,ThadMcCotter,31880,10807,1
1728,mike ford,Mike7Ford,6615,442,1
1729,ron meyer,Ron4VA,4010,359,1
1730,rebecca quigley,RQuig3605,74,1433,0
1731,ann marie buerkle,AMBCPSC,425,415,1
1732,piers morgan,piersmorgan,6640959,124035,1
1733,keisha lance bottoms,KeishaBottoms,59206,2802,1
1734,dennis hastert,SpeakerHastert,95,8,0
1735,michael adams,MickeyAdamsGM,14506,1605,0
1736,espn,espn,33922206,102083,1
1737,metro,MetroUK,297192,278106,1
1738,oregon catalyst,oregoncatalyst,3759,7368,0
1739,colorado health institute,COHealthInst,5420,6896,0
1740,brian deese,DeeseOMB,2430,26,1
1741,spencer bachus,BachusAL06,8359,532,1
1742,representus,representus,31440,11833,1
1743,barney bishop,Barney_Bishop,1127,1163,0
1744,greg morris,juicedageneral,1077,4449,1
1745,teresa fedor,teresa_fedor,3926,3369,0
1746,eric fehrnstrom,EricFehrn,22760,379,1
1747,michael needham,MikeNeedham,7599,722,1
1748,lisa hamler fugitt,LisaHF1,13,1,0
1749,karen huber,karenohuber,569,11995,0
1750,john nygren,rep89,3570,5374,1
1751,voters first ohio,votersfirstohio,444,462,0
1752,alicia menendez,AliciaMenendez,28694,14316,1
1753,paul saldana,psaldana52,131,4206,0
1754,russ girling,breeanabessi,5,0,0
1755,oxfam america,OxfamAmerica,343121,26312,1
1756,joee lindbeck,lindbeck24,82,15,0
1757,john faulk,john__faulk,771,4963,0
1758,david prosser,David_Prosser,395,2662,0
1759,jonathan turley,JonathanTurley,45564,11851,0
1760,jason haas,jhaas,1709,10669,0
1761,mark belling,MarkBellingShow,9172,120,0
1762,campaign money watch,cmoneywatch,2,0,0
1763,mark harris,MarkHarrisNC9,6580,991,1
1764,your choice colorado,YourChoiceCO,3965,245,0
1765,matt wuerker,wuerker,22928,16753,1
1766,james quintero,JamesQuinteroTX,1483,5951,0
1767,paul hipp,paulhipp,2327,2263,0
1768,todd young,ToddYoungIN,8548,5923,1
1769,suzanne somers,SuzanneSomers,56756,5806,1
1770,ann lininger,annlininger,1395,25,0
1771,ellen qualls,QuallsComm,772,450,0
1772,tom wolf,TomWolfPA,29033,3384,1
1773,stephen simpson,Stevoo7,706,20195,0
1774,phyllis schlafly,PhyllisSchlafly,7493,10017,0
1775,john mccallum,HonJohnMcCallum,26089,3759,1
1776,hugh fitzsimons,HughAFitzsimons,182,87,0
1777,menendez facts,MenendezFacts,741,807,0
1778,andy berke,AndyBerke,22643,8198,1
1779,steve henson,SteveHenson,3115,994,0
1780,margaret carlson,carlsonmargaret,4810,638,0
1781,mark sharpe,MarkSharpe39kFT,7401,21109,0
1782,peter roskam,PeterRoskam,29587,7066,1
1783,joseph chiusolo,josephchiusolo,18,9,0
1784,ken lanci,KenALanci,442,951,0
1785,james durkan,jdurkan91,172,1749,0
1786,occupy wall street,OccupyWallStNYC,194412,112504,0
1787,jonathan boucher,jonbouch,2028,12234,1
1788,bill burton,billburton,39424,6028,1
1789,edward snowden,Snowden,4009114,3543,1
1790,rick allen,rickallenlive,68569,13651,1
1791,jane norton,JaneKitbag,227,1346,0
1792,mark assini,markassini,2132,2888,0
1793,keith ellison,keithellison,369012,21895,1
1794,michael solomon,Mister_Solomon,1779,780,0
1795,ted yoho,RepTedYoho,31846,1309,1
1796,james jolly,jamesjolly,582,27145,0
1797,nancy gordeuk,principalracist,2,6,0
1798,jeff amason,AmasonJeff,0,0,0
1799,mason tvert,MasonTvert,1859,28,0
1800,jessica ehrlich,JessEhrlich,1400,1838,0
1801,joseph fernandez,JoeFernz,82,3289,0
1802,matt patten,IowaMatt72,134,2842,0
1803,tom mccarey,tommccarey,46,25,0
1804,jason villalba,JasonVillalba,10459,18836,1
1805,chris cummiskey,chrispatc,14,137,0
1806,jennifer williamson,Jennifer_for_OR,3594,1638,0
1807,diane ravitch,DianeRavitch,152407,97484,0
1808,jean casarez,JeanCasarezCNN,10698,901,1
1809,patty judge,pattyforiowa,1955,452,1
1810,new boston republican committee,NBRCORG,1,3,0
1811,jackie dingfelder,jdpdx1,104,16,0
1812,kirsten powers,KirstenPowers,306576,9247,1
1813,mike hashimoto,MikeHashimoto,6945,6800,1
1814,john kennedy,SenJohnKennedy,56783,1522,1
1815,cynthia meyer,cynthiameyer_FF,431,1328,0
1816,kyle williams,KyleWilliams_10,67035,5309,1
1817,ron christie,Ron_Christie,11733,24876,1
1818,marie ghazal,marielghazal,82,106,0
1819,jeff bridges,TheJeffBridges,261637,1318,1
1820,charles kuck,ckuck,3853,12327,0
1821,john hutson,johnhutson,950,12540,0
1822,clayton county schools,CCPSArtsLife,146,470,0
1823,brian stelter,brianstelter,647826,179419,1
1824,bob king,BKingDC,5173,12098,1
1825,michael skolnik,MichaelSkolnik,293733,70884,1
1826,florida news flash,FLNewsFlash,206,2706,0
1827,jeremy kapstein,JeremyKapstein,76,52,0
1828,peggy lehner,peggylehner,2511,546,0
1829,michael rosen,MichaelRosenYes,134963,183662,0
1830,wayne smith,VaultWayne,228,89,0
1831,robert uithoven,ruithoven,1939,12151,0
1832,tere mccann,teremccann,70,303,0
1833,bryan kennedy,xbryanx,994,6131,0
1834,samuel demaio,AccuproRoofing,1,2,0
1835,limberbutt mccubbins,Limberbutt2016,1520,1740,0
1836,deirdre imus,TheGreenDirt,5077,1866,0
1837,oregon pta,oregonpta,2111,1691,0
1838,allie mccullen,alliemccullen,464,1277,0
1839,talmadge heflin,TalmadgeHeflin,9,0,0
1840,ben ferguson,benfergusonshow,141716,17651,1
1841,stephen carter,carter_AB,11102,40882,1
1842,matt mcgrath,MattMcGrathBBC,24599,1573,1
1843,russell brand,rustyrockets,11676717,12995,1
1844,martha robertson,MarthaRDryden,287,190,0
1845,ash williams,ashwilliams1,16390,6088,1
1846,shaun ireland,Ireland1836,182,9305,0
1847,jack keane,gen_jackkeane,15523,1356,0
1848,scott mccown,CScottMcCown,48,91,0
1849,diane mckeel,dianemckeel,814,219,0
1850,bill ratliff,billrat365,236,967,0
1851,steve cannon,SteveCannonCEO,7873,649,0
1852,steve phelps,stevephelps,8936,285,1
1853,katie pavlich,KatiePavlich,631123,45808,1
1854,tom pauken,TomPauken,1170,15717,0
1855,pari sabety,PSabety,372,938,0
1856,baby got pac,BabyGotPac,2,0,0
1857,liberty counsel,libertycounsel,7660,8666,0
1858,matt mccall,CoachMattMcCall,7964,2470,1
1859,patrick wales,pjwd_,593,12494,0
1860,allan ritter,RepAllanRitter,475,2,0
1861,senate democrats,SenateDems,898509,19524,1
1862,christine radogno,Christineradog1,30,0,0
1863,rick hardcastle,SteelString,213,2217,0
1864,alan essig,AlanEssig,244,2056,0
1865,gary kelly,gary_kelly,7398,247,1
1866,bill mcraven,billmcraven,17889,348,0
1867,john whitmire,whitmire_john,5017,1476,0
1868,steve deace,SteveDeaceShow,55166,101325,1
1869,john stossel,JohnStossel,1014497,8335,1
1870,maureen dowd,maureendowd,679883,1242,1
1871,chris chocola,ChrisChocola,681,192,0
1872,joel kleefisch,KleefischJoel,776,412,0
1873,valarie wilson,ValForEducation,528,795,0
1874,vicki mckenna,VickiMcKenna,15147,47596,0
1875,francis kungu,franciskungu73,0,6,0
1876,nancy nusbaum,go4justice,43,152,0
1877,julie parrish,hotcouponmama,3260,11781,0
1878,mike mcfadden,MUTGuru,73458,50181,1
1879,brad rockwell,BradRockwell808,11,0,0