,speaker,twitter_handle
0,dwayne bohac,dwayne_bohac
1,scott surovell,ssurovell
2,barack obama,BarackObama
3,blog posting,
4,charlie crist,CharlieCrist
5,robin vos,
6,republican party texas,
7,oregon lottery,oregon_lottery
8,duey stroebel,SenStroebel
9,robert menendez,SenatorMenendez ‏
10,bernie s,SenSanders
11,mitt romney,MittRomney
12,doonesbury,DoonesburyComic
13,george will,GeorgeWillRSS
14,national republican congressional committee,
15,gwen moore,RepGwenMoore ‏
16,jack lew,repjohnlewis ‏
17,dennis richardson,
18,eric bolling,ericbolling
19,hillary clinton,HillaryClinton
20,greater wisconsin political fund,
21,planned parenthood action fund,
22,nancy pelosi,SpeakerPelosi
23,ted nugent,TedNugent
24,pamela geller,PamelaGeller
25,peter kinder,PeterKinder
26,nicholas kettle,nickkettle21
27,shelley moore capito,SenCapito
28,rick scott,SenRickScott
29,tom cotton,SenTomCotton
30,ted cruz,tedcruz
31,lee leffingwell,TheRealLeeVIP
32,north korea,
33,walking dead,
34,kelly ayotte,KellyAyotte
35,marco rubio,marcorubio
36,keep promise 1 pac,
37,rachel maddow,maddow
38,jerry patterson,Patterson4TX
39,chain email,
40,john boehner,SpeakerBoehner
41,katrina pierson,KatrinaPierson
42,rick perry,GovernorPerry
43,national republican senatorial committee,
44,ken cuccinelli,KenCuccinelli
45,andrew cuomo,NYGovCuomo
46,sid miller,MillerForTexas
47,jim barksdale,jimbarksdale
48,david raynor,crddraynor
49,donald trump,realDonaldTrump
50,john mccain,SenJohnMcCain
51,battleground texas,
52,michelle obama,MichelleObama
53,rudy giuliani,RudyGiuliani
54,john barrasso,barrassoforwyo ‏
55,empower texans,EmpowerTexans
56,john depetro,JohnDePetroshow
57,garnet coleman,GFColeman
58,michael opitz,MichaelOpitz
59,terry mcauliffe,TerryMcAuliffe
60,alfredo gutierrez,AlfredoPhxAZ
61,david cote,DavidCote
62,elena kagan,KaganScotus
63,texas veterans commission,TexasVeterans
64,republican party florida,
65,maurice ferre,
66,jeanne shaheen,JeanneShaheen
67,susan happ,Happ4WI
68,sameh shoukry,
69,karl rove,KarlRove
70,gwen graham,GwenGraham
71,bill white,whitebil
72,bob goodlatte,RepGoodlatte
73,cory booker,CoryBooker
74,joe biden,JoeBiden
75,jim skaggs,SPANKYSPL
76,ralph hudgens,ralphhudgens
77,florida democratic party,
78,robert sarvis,RobertSarvisVA
79,will weatherford,willweatherford
80,mark shields,Mark__Shields
81,national association realtors,
82,brady campaign prevent gun violence,
83,federal transit administration,
84,alison lundergan grimes,
85,mitch mcconnell,senatemajldr ‏
86,frank caprio,fcaprio2
87,david scott,repdavidscott
88,scott walker,ScottWalker
89,ron johnson,SenRonJohnson ‏
90,donna brazile,donnabrazile
91,paul ryan,SpeakerRyan
92,adam hasner,AdamHasner
93,mark pocan,repmarkpocan ‏
94,kathleen sebelius,Sebelius
95,bruce elfant,BElfant01
96,dave yost,Yost4Ohio
97,alex sink,
98,government not god pac,
99,joe scarborough,JoeNBC
100,texas house democratic caucus,TexasHDC
101,david jolly,DavidJollyFL
102,jon keyser,Jon_Keyser
103,oregon right life pac,
104,sean hannity,seanhannity
105,rush limbaugh,rushlimbaugh
106,john robitaille,John_Robitaille
107,patricia morgan,repmorgan ‏
108,dave brat,DaveBratVA7th
109,mark warner,MarkWarner
110,rob portman,robportman
111,john cornyn,JohnCornyn ‏
112,louie gohmert,replouiegohmert
113,democratic congressional campaign committee,
114,texas right life,
115,armond budish,ArmondBudish
116,jeff kruse,JeffKruse303
117,mike haridopolos,MikeHaridopolos
118,kendrick meek,KendrickMeek
119,americans united change,
120,paul skip stam,
121,eric cantor,EricCantor
122,robert puente,
123,ron paul,RonPaul
124,nancy pfotenhauer,NPfotenhauer
125,gary johnson,
126,stephen sweeney,StephenSweens10
127,sheldon whitehouse,SenWhitehouse
128,pat quinn,PQuinnfortheWin
129,matthew dowd,matthewjdowd
130,one new jersey,
131,darrell issa,DarrellIssa
132,robert gibbs,
133,michael williams,
134,alan grayson,
135,chris christie,ChrisChristie
136,robert jacquard,RobertJacquard
137,americas health insurance plans,
138,dream defenders,Dreamdefenders
139,greg abbott,GregAbbott_TX
140,david cicilline,davidcicilline
141,wendy davis,wendydavis
142,marcy kaptur,RepMarcyKaptur
143,americans tax reform,
144,tweets,
145,tamara holder,tamaraholder
146,hank johnson,
147,facebook posts,
148,mike murphy,mcwm
149,vincent barrella,
150,lamar smith,LamarSmithTX21
151,bill johnson,RepBillJohnson
152,eric hovde,EricHovde
153,john skvarla,JohnSkvarla
154,daniel mielke,DanielDMielke
155,ben carson,SecretaryCarson
156,blue oregon,
157,raymond bateman,RaymondBatema10
158,mark neumann,MarkNeumannnn
159,sarah palin,SarahPalinUSA
160,rana foroohar,RanaForoohar
161,tom niehaus,CasaDiPace
162,sherrod brown,SenSherrodBrown
163,nextgen climate,
164,john kasich,JohnKasich
165,ileana ros lehtinen,
166,chris moews,
167,robby mook,RobbyMook
168,carolyn maloney,
169,lindsey graham,LindseyGrahamSC
170,mark strama,markstrama
171,patrick leahy,
172,fix austin schools,FixAustinSchool
173,democratic senatorial campaign committee,
174,agenda project,
175,steven teske,scteskelaw
176,rand paul,
177,kesha rogers,KeshaRogersTX
178,james bennett,James_L_Bennett
179,tom hughes,
180,jeff merkley,JeffMerkley
181,sheila oliver,
182,judd gregg,
183,dick cheney,KenadiTaylor
184,michael moore,MMFlint
185,bill richardson,WBRichardson
186,paul sarlo,PaulASarlo
187,connie mack,ConnieMackIV
188,allen west,AllenWest
189,evan feinberg,evanfeinberg
190,moveon,MoveOn
191,lou dobbs,LouDobbs
192,edith ajello,
193,doug thomas,
194,steve latourette,
195,trent franks,TrentFranksNews
196,kim guadagno,KimGuadagnoNJ
197,ted strickland,Ted_Strickland
198,thomas brown,
199,us chamber commerce,
200,scott brown,
201,julian castro,
202,christine sinicki,sinicki328
203,michele bachmann,MicheleBachmann
204,dan patrick,DanPatrick
205,jeb bush,JebBush
206,florida chamber commerce,
207,rachel campos duffy,
208,newt gingrich,newtgingrich
209,tom barrett,Barrett4MKE
210,roy blunt,
211,chris thomas,ctkmusic
212,barney simms,
213,andrew napolitano,
214,joyce kaufman,joyceonair
215,christopher plante,Chris91UconnBoY
216,gerry connolly,GerryConnolly
217,dave weldon,Davweldon
218,john garamendi,RepGaramendi
219,donna edwards,
220,peter kilmartin,PeterFKilmartin
221,roger williams,
222,david dewhurst,DavidHDewhurst
223,joshua feuerstein,TheEvangel1st
224,bill belichick,BelichickFDN
225,associated press,
226,josh mandel,JoshMandelOhio
227,nathan deal,
228,bill clinton,BillClinton
229,chip rogers,chiprogers
230,julius jones,
231,mike huckabee,
232,national association manufacturers,
233,chris hayes,chrislhayes
234,progress texas,ProgressTX
235,dinesh dsouza,
236,bill foster,RepBillFoster
237,ken legler,KenLegler
238,milwaukee police association,
239,clackamas county commission,
240,scott henson,
241,bob mcdonnell,BobMcDonnell
242,don francis,
243,dwight jones,DwightJones21
244,organizing america,
245,rick santorum,RickSantorum
246,chris wallace,ChrisWallace101
247,save americas postal service,
248,lloyd doggett,RepLloydDoggett
249,rob cornilles,
250,frank guinta,
251,cory mason,MayorCoryMason
252,dan kaufman,dankaufman70
253,larry elder,larryelder
254,dale kooyenga,DaleKooyenga
255,dan gelber,MayorDanGelber
256,new hampshire democratic party,
257,mary nolan,marybnolan
258,jim steineke,
259,michelle rhee,MichelleRhee
260,joe gibbons,JoeGibbonsEEA
261,steve rothman,steve02476
262,mary margaret oliver,mmo_mary
263,drug free america,
264,chuck grassley,
265,ted wheeler,
266,herb garrett,cook_n_good
267,vincent buddy cianci,
268,direct action rights equality,
269,peter shumlin,GovPeterShumlin
270,national organization marriage,
271,jon stewart,
272,americans prosperity,
273,karen handel,karenhandel
274,adam kinzinger,RepKinzinger
275,donna howard,DonnaHowardTX
276,GaGOP,
277,bob graham,
278,john bradley,johnbradleywest
279,glenn grothman,GrothmanforWI
280,we are ohio,We_Are_Ohio
281,arianna huffington,ariannahuff
282,joe lieberman,JoeLieberman
283,jon erpenbach,JonErpenbach
284,john kerry,JohnKerry
285,lou greenwald,
286,kathleen vinehout,VinehoutK
287,michael burgess,michaelcburgess
288,republican governors association,
289,ralph nader,RalphNader
290,leticia van de putte,leticiavdp
291,craig melvin,craigmelvin
292,john plumb,JohnFPlumb
293,judicial watch,JudicialWatch
294,tom price,pricetom
295,sondy pope,RepSondy
296,carlos curbelo,carloslcurbelo
297,democratic congressional leadership,
298,claudia tenney,claudiatenney
299,no 60 campaign against condom requirement adult fi,
300,loretta weinberg,SenatorLorettaW
301,todd hunter,toddahunter
302,tim knopp,SenatorKnopp
303,sandy adams,pastor_sandy
304,brett hulsey,hulsey07
305,james clyburn,
306,reince priebus,Reince
307,victoria taft,VictoriaTaft
308,rahm emanuel,RahmEmanuel
309,frank annunziato,cheech870000
310,michael steele,MichaelSteele
311,claire mccaskill,clairecmc
312,joseph crowley,
313,60 plus association,60PlusAssoc
314,chris abele,ChrisAbeleMKE
315,kenneth block,
316,michael doherty,profmdoherty
317,ellen rosenblum,ORDOJ
318,john kline,repjohnkline
319,american crossroads,AmericanXRoads
320,tim kaine,timkaine
321,debbie wasserman schultz,DWStweets
322,tom daschle,
323,jeff morales,jeffmorales
324,virginia education association,VEA4Kids
325,causa oregon,
326,terry jeffrey,
327,jimmy carter,CarterLibrary
328,jeff dickerson,DickersonESPN
329,oregon 2014,
330,thomas tobin,
331,bobby jindal,
332,chris jacobs,ChrisJacobs
333,phil kerpen,kerpen
334,joanne kloppenburg,joanne8553
335,paul krugman,paulkrugman
336,mike pence,mike_pence
337,bookerfail,
338,kay bailey hutchison,kaybaileyhutch
339,democratic national committee,
340,mike foley,
341,americans job security,
342,rob zerban,robzerban
343,jackie cilley,jackielcilley
344,arsalan iftikhar,TheMuslimGuy
345,marc schare,marcschare
346,sandra williams,
347,john kitzhaber,GovKitz
348,katie mcginty,kate_mcginty
349,adam putnam,adamputnam
350,virginia foxx,virginiafoxx
351,clay pell,ClayPell
352,ginny brown waite,
353,bill proctor,billproctor314
354,kevin dewine,KevinDeWine
355,naral pro choice,
356,john pagliarini,
357,erik wallin,dr_blackheart
358,kasim reed,KasimReed
359,diego arene morley,
360,richard codey,
361,alberta darling,SenDarling
362,cory gardner,SenCoryGardner
363,delia garza,
364,priorities usa action,Mills_Gro6
365,ed gillespie,EdWGillespie
366,tommy thompson,tomthom11
367,mike lee,SenMikeLee
368,david axelrod,davidaxelrod
369,paul broun,PaulBrounMD
370,national rifle association,
371,martin omalley,
372,matthew hill,matthewhillbbc
373,american leadhership pac,
374,lisa boothe,LisaMarieBoothe
375,daniel grace,
376,jeff greene,JeffGreeneUNC
377,jamie radtke,jamieradtke
378,sylvester turner,SylvesterTurner
379,chris redfern,ChrisRedfern419
380,harris faulkner,
381,charles schumer,
382,kathleen falk,FalkforWI
383,steve lonegan,Lonegan
384,next generation climate action committee,
385,corey lewandowski,
386,bobby scott,
387,anissa naouai,AnissaNow
388,sean duffy,RepSeanDuffy
389,matthew charles cardinale,
390,angel taveras,Angel_Taveras
391,mike rogers,RepMikeRogersAL
392,chris hani baragwanath hospital,
393,bill nelson,NelsonForSenate
394,lincoln chafee,LincolnChafee
395,kathleen clyde,KathleenClyde
396,richard ferruccio,Dick_Nixon5813
397,terry lawler,tlawler
398,ray mcberry,RayMcBerry
399,centre research globalization,
400,gene sperling,genebsperling
401,cokie roberts,CokieRoberts
402,barbara boxer,BarbaraBoxer
403,republican national committee republican,
404,randy forbes,Randy_Forbes
405,club growth,
406,joaquin castro,JoaquinCastrotx
407,joe manchin,
408,markos moulitsas,markos
409,fulton county health and wellness,
410,brigid shea,CommishShea
411,carly fiorina,CarlyFiorina
412,ken allen,K_Factionrec
413,neera tanden,neeratanden
414,chuck todd,chucktodd
415,arthur cyr,
416,elaine boyer,
417,betty sutton,BettySutton
418,keith olbermann,KeithOlbermann
419,jason isaac,
420,jennette gayer,JennetteGayer
421,bill hammond,NYHammond
422,health care america now,
423,miscellany blue,
424,jim renacci,JimRenacci
425,committee our childrens future,
426,tobias read,TobiasRead
427,rush holt,
428,rob turner,ReynardCity
429,christina romer,ChrisRomer91
430,wisconsin medical society,
431,mike dewine,MikeDeWine
432,roy cooper,RoyCooperNC
433,friends voter owned elections,
434,monica wehby,
435,americans united life,
436,rod monroe,SenatorMonroe
437,ed fitzgerald,
438,joel keehn,jkeehn
439,jack kingston,JackKingston
440,miriam martinez,miriam__lisset
441,mark johnson,
442,dan micciche,DanforDISD
443,wisconsin jobs now,
444,wayne thorburn,waynethorburn
445,todd staples,
446,tom coburn,
447,barbara buono,
448,rich zipperer,zipperer_rich
449,family forward oregon,
450,mark miller,RetireRevised
451,george lemieux,George_LeMieux
452,viral image,
453,social media,socialmediaweek
454,kevin de leon,
455,susana martinez,Gov_Martinez
456,henry cuellar,
457,deborah ross,DeborahRossNC
458,glenford shibley,
459,joseph kyrillos,Jmansourk
460,americans prosperity florida,
461,ohio department transportation,
462,barry hinckley,BarryHinckley
463,joe barton,RepJoeBarton
464,jon kyl,
465,americans responsible solutions,
466,peter palumbo,PetiePal
467,bettylou decroce,BLDeCroce4NJ
468,roy barnes,
469,carla smith,JLA_President
470,winning our future,WinOurFuture
471,pat mccrory,PatMcCroryNC
472,don zimmerman,
473,michael savage,ASavageNation
474,betsy miller jones,
475,marvin pratt,MarvinPratt22
476,dean wright,
477,sharron angle,SharronAngle
478,david simas,d_simas
479,patrick murphy,PatrickMurphyFL
480,reader email,
481,sean spicer,seanspicer
482,helen glover,Helenglovergb
483,lee camp,LeeCamp
484,citizens united political victory fund,cupvf
485,fred thompson,fredthompson
486,david clarke jr,
487,greg gutfeld,
488,lainey melnick,lmelnick
489,caleb rowden,calebrowden
490,oregon center public policy,
491,republican party virginia,
492,brian kemp,BrianKempGA
493,diane allen,
494,leonidas raptakis,senraptakis
495,howard dean,GovHowardDean
496,lou ann zelenik,louannzelenik
497,environment new jersey,
498,marty beil,johnnystubble
499,ohio democratic party,
500,joe sestak,JoeSestak
501,national right life committee,
502,funny or die,funnyordie
503,coalition fair budget priorities,
504,american bridge 21st century,
505,susan stimpson,SusanBStimpson
506,michael riley,
507,pat toomey,
508,nickie antonio,
509,desmond meade,desmondmeade
510,ward armstrong,
511,back basics,
512,terri lynn land,LandforGovernor
513,democratic party virginia,
514,blake rocap,BlakeRocap
515,tim canova,Tim_Canova
516,michael reese,
517,campaign regulate marijuana alcohol,
518,kamala harris,KamalaHarris
519,david shuster,DavidShuster
520,john oliver,iamjohnoliver
521,julia hurley,
522,ellyn bogdanoff,ellynbogdanoff
523,republican state senators,
524,earl blumenauer,repblumenauer
525,ted poe,JudgeTedPoe
526,senior citizens league,
527,our daughters ri,
528,bill maher,billmaher
529,laurence ehrhardt,Lauehr
530,dana rohrabacher,DanaRohrabacher
531,jim demint,JimDeMint
532,texas automobile dealers association,
533,national education association,
534,john lewis,repjohnlewis
535,gina raimondo,GovRaimondo
536,virginia house democratic caucus,
537,kitty boitnott,kittyboitnott
538,deadspin,Deadspin
539,nancy devaney,Dev04
540,herman cain,THEHermanCain
541,chet edwards,ChetEdwards
542,glenn beck,glennbeck
543,keep conservatives united,
544,glenn hegar,Glenn_Hegar
545,jon runyan,RepJonRunyan
546,kelli ward,
547,senate conservatives fund,
548,kelda helen roys,
549,addicting information,
550,dennis algiere,
551,david perdue,sendavidperdue
552,ted gatsas,Gatsas4Mayor
553,charlotte nash,charlotte_nash8
554,john carter,
555,georgia family council,
556,ron wyden,RonWyden
557,michael turner,
558,chuck hagel,
559,steve archambault,Arch_Steve
560,miami seaport alliance,
561,peter king,
562,john currie,
563,state democratic party wisconsin,
564,lone star first,
565,tom scott,tomscott
566,tim pawlenty,TimPawlenty
567,united florida horsemen,
568,upendra chivukula,
569,carol hunstein,
570,marcia fudge,
571,coalition stop gun violence,
572,rachel oconnor,Rachinthetron
573,steve cohen,RepCohen
574,jim jordan,
575,lon burnam,LonBurnam
576,shirley franklin,
577,george voinovich,
578,georgians together,
579,recoverygov,
580,wisconsin state afl cio,
581,marsha blackburn,VoteMarsha
582,sally kohn,sallykohn
583,grover norquist,GroverNorquist
584,mitch daniels,purduemitch
585,oregon healthy kids,
586,al sharpton,
587,david porter,davidnporter80
588,kathleen murphy,kmurphyva
589,patriot majority usa,
590,rafael cruz,
591,dekalb county,ItsInDeKalb
592,steve oelrich,SteveOelrich
593,national taxpayers union,NTU
594,michael roberson,RobersonForNV
595,ann mclane kuster,RepAnnieKuster
596,americans prosperity georgia chapter,
597,mr conservative,
598,spike romney attack dog,
599,mark hass,MarkHassOregon
600,jim sensenbrenner,
601,robin wright,RealRobinWright
602,david ignatius,IgnatiusPost
603,charlie smith,
604,freedom partners action fund,
605,andrea tantaros,AndreaTantaros
606,aclu north carolina,
607,georgia restaurant association georgia,
608,randi shade,randi61604000
609,restore our future,
610,juan williams,TheJuanWilliams
611,jim webb,JimWebbUSA
612,tom graves,RepTomGraves
613,john bolton superpac,
614,russ feingold,russfeingold
615,joe garcia,JoeGarcia
616,john obannon,CaptainObywan
617,john lehman,
618,ann coulter,AnnCoulter
619,jason stanford,jstannymlber61
620,restoration pac,
621,ritch workman,
622,duncan hunter 2,
623,heather mcghee,
624,mark schlereth,markschlereth
625,ann kirkpatrick,Ann_Kirkpatrick
626,texas medical association,
627,dana loesch,DLoesch
628,ron stephens,
629,matt lauer,
630,lena taylor,
631,obamas heckler,
632,john king,JohnKingCNN
633,ohio right life,
634,carlos beruff,carlosberuff
635,tom letson,Tom_Letson_LPC
636,concerned veterans america,
637,keith faber,KeithFaber
638,johnny isakson,SenatorIsakson
639,john tassoni jr,
640,steve poizner,StevePoizner
641,joe defelice,JoeDeFeliceHUD
642,bill batchelder,
643,ed fallone,EdFallone
644,rhode island aclu,
645,harry houck,
646,afscme,AFSCME
647,harry alford,HarryAlford3
648,progressohio,ProgressOhio
649,rich golick,SpaceLogger
650,new jersey republican state committee,
651,kathleen peters,KathleenMPeters
652,friends clearwater pac,
653,kirk cox,SpeakerCox
654,ultraviolet,UltraViolet
655,drug policy alliance,DrugPolicyOrg
656,brian sims,BrianSimsPA
657,paul howard,
658,jim whelan,BoardwalkHall
659,sam adams,
660,michael eric dyson,MichaelEDyson
661,oregon republican party,
662,bloomberg bloombergcom,
663,bill oreilly,
664,jack berry,
665,new jersey democratic state committee,
666,charles rangel,cbrangel
667,chris matthews,HardballChris
668,linda koop,LindaKoopTX
669,greg walden,
670,amy handlin,
671,austin water utility,
672,terry moulton,terrymoulton
673,john loud,loud_john
674,allan fung,
675,maggie hassan,
676,john edwards,JEdwardsRacing
677,one wisconsin now,onewisconsinnow
678,jerry jones,
679,dick black,
680,turning point usa,TPUSA
681,harry reid,
682,marion hammer,MarionHammer1
683,cascade policy institute,
684,brianna keilar,brikeilarcnn
685,shelley adler,Shelley_Adler
686,stephen colbert,StephenAtHome
687,louise slaughter,louiseslaughter
688,wayne powell,Powellsenateva
689,howard fineman,howardfineman
690,alan simpson,AlanSimpsonNI
691,florida all,
692,george allen,
693,john mica,
694,senate majority pac,MajorityPAC
695,georgia voice,
696,laura ingraham,IngrahamAngle
697,tim ryan,TimRyan
698,glen sturtevant,GlenSturtevant
699,john lombardi,John3lombardi
700,chris murphy,ChrisMurphyCT
701,bruce braley,BruceBraley
702,orly taitz,
703,chris coons,
704,associated industries florida,
705,safety all initiative,
706,curtis martin,curtismartin
707,gus bilirakis,RepGusBilirakis
708,wisconsin professional police association,
709,menominee indian tribe wisconsin,
710,nita lowey,NitaLowey
711,catherine hanaway,639802
712,joellen smith,MsJoEllenSmith
713,elizabeth warren,SenWarren
714,ben cardin,BenCardinforMD
715,charlie justice,
716,vicki martin,MarineSciComm
717,evan bayh,SenEvanBayh
718,jim moran,Jim_Moran
719,ron saunders,
720,bill weimer,Bill_Ymr
721,ron davis,
722,peter defazio,
723,fred risser,
724,fred karger,fredkarger
725,kurt schrader,
726,bill lynch,CoachLynchDPU
727,tom marino,tommarino606
728,scott hassett,Easyscott
729,roberta lange,rlange9
730,america,americaband
731,kelly odonnell,
732,karen bass,
733,peter barca,PeterWBarca
734,reid ribble,RepRibble
735,cheryl grossman,cherylrsg
736,michael mc auliff,
737,carol shea porter,
738,mark udall,MarkUdall
739,se cupp,
740,daily caller,
741,saxby chambliss,SaxbyChambliss
742,cornell william brooks,
743,doug whitsett,dwitness
744,lawrence odonnell,
745,vote no 8,
746,loren collins,LorenCollins
747,paul hirschbiel,phirschbiel
748,gilberto hinojosa,HinojosaTX
749,dennis kucinich,Dennis_Kucinich
750,colleen deacon,colleendeacon
751,drudge report,DRUDGE_REPORT
752,stephanie cutter,stefcutter
753,jessica king,jessCNN
754,tim james,
755,mike fasano,fasanomike
756,freedom defense advocates,
757,tim cook,tim_cook
758,phil king,
759,andy brown,AndyBrownMusic
760,al hunt,
761,david dooley,david__dooley
762,david brooks,nytdavidbrooks
763,alex wan,AlexWanforATL
764,mark daniels,
765,steve stockman,Stoxo
766,nan rich,senatornanrich
767,william perry,
768,donna campbell,DonnaCampbellTX
769,stephen zappala,zappala2
770,clayton county government,
771,tennessee democratic party,
772,tom cole,
773,christopher blazejewski,
774,brit hume,brithume
775,kyleen wright,kyleenwright
776,tammy baldwin,tammybaldwin
777,boyd richie,
778,nowthis,nowthisnews
779,ed garvey,
780,sergey lavrov,
781,mike martinez,
782,joe pojman,joepojman
783,bill haslam,BillHaslam
784,sandra cunningham,
785,robert dimuccio,robertdimuccioo
786,trimet,trimetalerts
787,josh shapiro,JoshShapiroPA
788,building better ohio,
789,elizabeth colbert busch,
790,bill mccollum,BillMcCollum
791,alexi giannoulias,Giannoulias
792,alcee hastings,
793,milwaukeeans self governance,
794,joseph testa,josephvtesta
795,robert hagan,
796,alfonso lopez,alfonsolopez3
797,republican party wisconsin,
798,loranne ausley,LoranneAusley
799,blake farenthold,farenthold
800,john barge,
801,marc katz,
802,pat roberts,
803,cathy mcmorris rodgers,
804,tom colicchio,tomcolicchio
805,robert healey,roberthealey
806,vote no 2,
807,ed schultz,edshow
808,american commitment,
809,glenn greenwald,ggreenwald
810,c wharton,
811,allen peake,AllenPeake
812,mike schaufler,
813,vern buchanan,VernBuchanan ‏
814,amy klobuchar,amyklobuchar
815,george barker,GBarks33
816,rosa delauro,rosadelauro
817,steven king,
818,jason carter,jjcforever
819,ban ki moon,
820,jon brien,
821,judson hill,Judsonhill
822,chris gregoire,chris_gregoire
823,bill cassidy,BillCassidy
824,jay carney,JayCarney
825,fran millar,Fran_Millar
826,waco tea party,WacoTeaParty
827,gretchen carlson,GretchenCarlson
828,actionaid k,
829,ben nelson,
830,steny hoyer,StenyHoyer
831,fidelis,FidelisCare
832,donzella james,
833,elliott naishtat,ElliottNaishtat
834,dan lungren,RepDanLungren
835,kris jordan,KrisJordan
836,michael thurmond,PreservesOfLife
837,lynn jenkins,jenkslyn
838,keith stokes,drkeithstokes
839,michael sullivan,
840,let america work,
841,dan sullivan,SenDanSullivan ‏
842,art acevedo,
843,alissa keny guyer,
844,robert brown,
845,bob sears,SearsBob
846,georgia lottery,GeorgiaLottery
847,greta van susteren,greta
848,mike collier,MikeCollierWX
849,jim sullivan,
850,gayle atteberry,GayleAtteberry
851,elijah cummings,
852,chuck baldwin,drchuckbaldwin
853,casey cagle,CaseyCagle
854,bob donovan,BobDonovan12
855,joshua marquis,
856,frederica wilson,
857,occupy democrats,OccupyDemocrats
858,sergio marchionne,
859,john carlevale,johncarlevale
860,mike villarreal,MikeVillarreal
861,joe roman,
862,snapchat,Snapchat
863,lois kolkhorst,
864,dennis jones,
865,libraries yes committee,
866,kim simac,KimSimac
867,ken plum,KenPlum1
868,clay aiken,clayaiken
869,joe brown,joemfbrown
870,george pataki,
871,house republicans,HouseGOP
872,ana navarro,ananavarro
873,travis rowley,travisrowley
874,tom harkin,SenatorHarkin
875,mark butler,Mark_Butler_MP
876,steve case,SteveCase
877,molly white,molly0x57
878,thomas perez,
879,milele coggs,
880,sheila resseger,sheilaresseger
881,robert hurt,RepRobertHurt
882,don beyer,DonBeyerVA
883,jan brewer,GovBrewer
884,frank luntz,FrankLuntz
885,ron ramsey,RonRamsey
886,robert reich,RBReich
887,bob gibbs,
888,ruths list florida,
889,jim huffman,JimWHuffman
890,ron desantis,RonDeSantisFL
891,steve crisafulli,SteveCrisafulli
892,jim hightower,JimHightower
893,gavin newsom,GavinNewsom
894,brendan doherty,bdoherty48
895,dale peterson,digitalbond
896,mark sickles,MarkSicklesVA
897,mike bodker,
898,jeff stone,jeffstone500
899,sher valenzuela,SherValenzuela1
900,charlie gonzalez,TX20CharlieG
901,independence usa pac,iusapac
902,steve forbes,SteveForbesCEO
903,john stone,JohnStoneBeef
904,brad schimel,
905,chris dodd,SenChrisDodd
906,mark clayton,MarkClaytonD9
907,kelli stargel,kellistargel
908,john duncan,JohnDuncanMP
909,secure america now,SecureAmerica
910,russell mcmurry,russell_mcmurry
911,foundation secure and prosperous america,
912,lamar mckay,lamar80726859
913,ed rendell,GovEdRendell
914,majority forward,
915,stanley mcchrystal,
916,goldie taylor,
917,catherine taylor,KatyaTaylor
918,debbie jackow,
919,benjamin crump,AttorneyCrump
920,mike honda,RepMikeHonda
921,josh burgin,therealjosh44
922,dominick marino,
923,martin frost,martinjfrost
924,ronan farrow,RonanFarrow
925,richard blumenthal,SenBlumenthal
926,new jersey education association,
927,kevin brady,
928,fred upton,RepFredUpton
929,naturalnewscom,
930,crossroads gps,
931,scott rigell,
932,herb conaway,herbconaway
933,ellen freidin,EllenFreidin
934,randy hopper,RHopper4130
935,jose diaz balart,
936,mark drewniak,idunnocalliesda
937,howard marklein,
938,kurt browning,
939,let freedom ring,lfrusa
940,zell miller,ZellMillerFndn
941,carl levin,
942,rodney frelinghuysen,frelinghuysen
943,georgia department transportation,
944,donald trump jr,DonaldJTrumpJr
945,martha laning,laningforwi
946,colorado democratic party,
947,starbucks,Starbucks
948,vince megna,vincemegna
949,americannewscom,
950,kitty rhoades,
951,oregon health authority,
952,committee protect florida,
953,united fair economy,
954,mark pryor,MarkPryorBooks
955,arizona grassroots action pac,
956,kathy castor,
957,erika sanzi,esanzi
958,wisconsin contractor coalition,
959,chris larson,ChrisJLarson
960,paul sadler,sadlerimages
961,heather fiorentino,hfiorentino47
962,stephen hayes,stephenfhayes
963,debbie stabenow,stabenow
964,jim kenney,JimFKenney
965,pete gallego,
966,michelle rehwinkel vasilinda,MMRV2018
967,sarah silverman,SarahKSilverman
968,chelsea clinton,ChelseaClinton
969,jason chaffetz,jasoninthehouse
970,dont let florida go pot,
971,steve king,SteveKingIA
972,j james rohack,
973,john wisniewski,JohnWisniewski
974,danny porter,
975,virginia lottery,VirginiaLottery
976,kathleen connell,KathleenConnell
977,george turner,georgenturner
978,distilled spirits council united states,
979,rose ferlita,RoseforMayor
980,jeff kottkamp,JeffKottkamp
981,celine gounder,
982,portland community college,PortlandCCF
983,elise stefanik,EliseStefanik
984,richard saslaw,
985,bryant gumbel,
986,orrin hatch,
987,kevin otoole,KevOToole70
988,tom mcclintock,RepMcClintock
989,lee fisher,fisher4justice
990,chris clark,
991,juan chuy hinojosa,TxChuy
992,wall street journal editorial page,
993,sacramento bee editorial board,
994,nh afl cio,
995,andy duyck,ChairAndyDuyck
996,john pistole,PresPistole
997,phil gingrey,DrPhilGingrey
998,lenar whitney,LenarWhitney
999,daniel mckee,
1000,energycitizensorg,
1001,,
1002,foodmentum,FoodMentum
1003,dave hunt,climberhunt
1004,mary burke,crackerjaw
1005,judicial confirmation network,
1006,wes riddle,wesriddle
1007,steven landes,Wesukechak
1008,ben affleck,BenAffleck
1009,joseph joe deshotel,
1010,thomas sgouros jr,
1011,americans against food taxes,
1012,suzanne bonamici,RepBonamici
1013,bill oneill,CoachO02
1014,charles clark,
1015,bear education and resource group,
1016,jeff dewit,JeffDeWitAZ
1017,tom tancredo,ttancredo
1018,haley barbour,HaleyBarbour
1019,jeremy bird,jeremybird
1020,instagram posts,
1021,fulton county government,
1022,joe straus,SpeakerStraus
1023,meria carstarphen,CarstarphenMJ
1024,larry ahern,Larry_Ahern
1025,valerie jarrett,vj44
1026,new approach oregon,NewApproachPAC
1027,steve spinnett,steve_spinnett
1028,anna throne holst,
1029,anonymous activist,
1030,kelly terry willis,
1031,jeff atwater,JeffAtwater
1032,linda curtis,TDSBLindaCurtis
1033,paul workman,PaulCTV
1034,jim carrey,JimCarrey
1035,michael morell,MichaelJMorell
1036,rob teilhet,
1037,eddie bernice johnson,
1038,austan goolsbee,Austan_Goolsbee
1039,jb van hollen,JBVanHollen
1040,maryellen oshaughnessy,
1041,our oregon,
1042,sheila jackson lee,JacksonLeeTX18
1043,angela bean,
1044,sheri gallo,SheriGalloD10
1045,nan orrock,SenNanOrrock
1046,steve scalise,SteveScalise
1047,jay nixon,
1048,michael j gardiner,
1049,van wanggaard,Vanwanggaard
1050,jeffrey loria,
1051,nikki haley,NikkiHaley
1052,kyrsten sinema,SenatorSinema
1053,michael mccaul,RepMcCaul
1054,aclu florida,
1055,cliff stearns,
1056,state rep brian clem d salem,
1057,michelle malkin,michellemalkin
1058,rebecca bradley,RebeccaJBradley
1059,david gregory,davidgregory
1060,debbie dooley,Crimsontider
1061,paula dockery,Paula_Dockery
1062,bret baier,BretBaier
1063,dustin inman society,DustinInmanSoc
1064,lynda rife,
1065,don mcintire,Donmcintire4
1066,ami bera,RepBera
1067,trevor noah,Trevornoah
1068,great america pac,GreatAmericaPAC
1069,jan jones,janjonesauthor
1070,becky moeller,BeckyMoeller
1071,vincent fort,
1072,emma watson,EmmaWatson
1073,anthony johnson,Anthony_Rumble
1074,scott randolph,
1075,kinky friedman,
1076,george w bush,
1077,max nofziger,maxnofziger
1078,jay wiley,
1079,jeb hensarling,
1080,holly benson,BADnewsbenson1
1081,jody conradt,hof98
1082,tim griffin,TimGriffinBig12
1083,roger goodell,nflcommish
1084,dana young,
1085,ralph peters,ralph_peters
1086,john elkhay,EllhayJohn
1087,steve munisteri,
1088,nina turner,ninaturner
1089,john taylor,JohnLloydTaylor
1090,esquire magazine,
1091,patience roggensack,
1092,barth bracy,
1093,beto orourke,
1094,ohio federation teachers,
1095,michael reagan,ReaganWorld
1096,wisconsin anti violence effort educational fund,
1097,jeff wentworth,JeffInTokyo
1098,chris smith,SmithChris
1099,american action network,AAN
1100,tim lee,
1101,nfl players association,
1102,marc morial,MARCMORIAL
1103,bruce hanna,bdhogfan
1104,ron gerberry,RonGerberry
1105,donald carcieri,
1106,people american way,
1107,committee florida education,
1108,pierre thomas,Pierre_Thomas
1109,don gaetz,DonGaetz
1110,american future fund,AmFutureFund
1111,gerard robinson,gerard_924
1112,snooki,
1113,sam stein,samstein
1114,culinary workers union,
1115,barry smitherman,SmithermanTX
1116,tom toles,TomTolesToons
1117,raymond frank,RaymondFArevalo
1118,bob duffy,BobDuffyROC
1119,wayne lapierre,
1120,american energy alliance,AEA
1121,jerry brown,JerryBrownGov
1122,billboard,billboard
1123,paul begala,PaulBegala
1124,albio sires,RepSires
1125,hans von spakovsky,HvonSpakovsky
1126,keith parker,
1127,wisconsin alliance reform,
1128,morgan brittany,
1129,raymond lahood,
1130,joe heck,CoachJoeHeck
1131,charlotte bergmann,memphismayor
1132,ron klein,OtherRonKlein
1133,eileen brady,
1134,sam houston,BearkatsBSB
1135,bill spelman,SpelmanBill
1136,arizonans responsible drug policy,
1137,better austin today political action committee,
1138,citizens lower taxes and stronger economy,
1139,gordon challstrom,gordchallstrom
1140,pat boone,
1141,sabino pio renteria,CM_Renteria
1142,chris taylor,ChrisTaylorWI
1143,nicholas kristof,NickKristof
1144,jennifer shilling,SenShilling
1145,farouk shami,Farouk4Texas
1146,diane douglas,
1147,marc thiessen,marcthiessen
1148,jake tapper,jaketapper
1149,norcross city council,
1150,dick morris,DickMorrisTweet
1151,leslie curran,ExpressFraming
1152,jon huntsman,JonHuntsman
1153,video,
1154,robert deuell,
1155,betsy mccaughey,Betsy_McCaughey
1156,dan boren,dgbjr
1157,emilys list,
1158,joyce beatty,RepBeatty
1159,cleta winslow,cmwinslow04
1160,bonnie reiss,bonniemreiss
1161,gil kerlikowske,rgkerlik
1162,gregory j costantino,
1163,gop critics,
1164,jeffrey grybowski,
1165,sarah ponder,surahhpondaa
1166,senate leadership fund,Senate_Fund
1167,jeanine pirro,JudgeJeanine
1168,jd hayworth,JDHayworthAZ
1169,don balfour,
1170,peggy noonan,Peggynoonannyc
1171,bob beckel,
1172,people ethical treatment animals,
1173,democratic party oregon,
1174,colorado citizens accountable government,
1175,new jersey senate democrats,
1176,mary landrieu,MaryLandrieu
1177,david miliband,DMiliband
1178,mike dovilla,mikedovilla
1179,john e sununu,
1180,hilary rosen,hilaryr
1181,carlos lopez cantera,
1182,karina wood,
1183,henry sanders,
1184,raul castro,
1185,edward flynn,EdwardFlynn12
1186,ron fournier,ron_fournier
1187,chris sununu,ChrisSununu
1188,jason nassour,JasonNassour
1189,traditional values coalition,
1190,city brookhaven,
1191,josh earnest,joshearnest
1192,victoria seaman,VictoriaDseaman
1193,kiki curls,KikiCurls
1194,pink slip rick,
1195,bono,
1196,jan crawford,JanCBS
1197,nicholas mattiello,RISpeaker
1198,kirk watson,
1199,steve moore,stevemoore2600
1200,eric greitens,EricGreitens
1201,barbara sharief,BarbaraSharief
1202,generation opportunity,
1203,kurt bauer,
1204,al gore,algore
1205,van taylor,VanTaylorTX
1206,alison littell mchose,
1207,debra medina,debmedina
1208,amy kremer,AmyKremer
1209,bart stupak,RealBartStupak
1210,coalition bring jobs ri,
1211,bernard jackvony,
1212,patrick lynch,
1213,bill pascrell,BillPascrell
1214,ibdeditorialscom,
1215,public comments common core hearing,
1216,sharon day,usambassadorcr
1217,carlos trujillo,USAmbOAS
1218,jim bohl,
1219,mary squires,MaryTylerMorgue
1220,texas values,txvalues
1221,david holmes,
1222,mike adams,Channel75live
1223,jim keffer,RepJimKeffer
1224,scott bruun,JoinScott
1225,bob buckhorn,BobBuckhorn
1226,jill stein,
1227,jim francesconi,JimFrancesconi
1228,nelson wolff,
1229,ryan lizza,RyanLizza
1230,karen harrington,KA_Harrington
1231,juan hernandez,
1232,ronda storms,
1233,jorge ramos,jorgeramosnews
1234,texas association school boards,
1235,fox news channel,
1236,steve adler,Steve_Adler
1237,tom kean jr,TomKeanJr
1238,marilinda garcia,MarilindaGarcia
1239,portland association teachers,
1240,einer elhauge,elhauge
1241,rebecca bell metereau,
1242,george flinn,
1243,eddie rodriguez,EddieforTexas
1244,kathie tovo,kathietovo
1245,caddy mckeown,
1246,cathie adams,cathieadams
1247,martavius jones,
1248,buzzfeed,BuzzFeed
1249,council national interest,
1250,megyn kelly,megynkelly
1251,doris kearns goodwin,DorisKGoodwin
1252,kathleen ford,
1253,william barber,kidwilly23
1254,nick rahall,
1255,texas public policy foundation,TPPF
1256,national border patrol council,
1257,uber,Uber
1258,donna nesselbush,
1259,eddie lucio jr,
1260,renee ellmers,RepReneeEllmers
1261,lynn westmoreland,Westmoreland_GA
1262,aclu georgia foundation,
1263,ohio republican party,
1264,lesley cohen,Cohen4AD29
1265,randi weingarten,rweingarten
1266,hemant mehta,hemantmehta
1267,don willett,
1268,majority pac,
1269,kevin levitas,kevin_levitasTG
1270,jim mcgreevey,jim_mcgreevey
1271,campaign fix debt,
1272,maciver institute,MacIverWisc
1273,service employees international union committee po,
1274,texans accountable government,
1275,paige kreegel,ElectKreegel
1276,bob stacey,
1277,mark zaccaria,Mark_Zaccaria
1278,xi jinping,
1279,dan flynn,DanFlynn
1280,anne nolan,AnneNolan2
1281,john huppenthal,HuppenthalADE
1282,meg whitman,MegWhitman
1283,frank lautenberg,
1284,jonathan jarvis,JonathanJarvis
1285,mike polensek,
1286,us uncut,
1287,levar stoney,
1288,katrina vanden heuvel,
1289,nick fish,
1290,jeff fitzgerald,cheffitzgerald
1291,dubose porter,porterforga
1292,georgia state senators,
1293,dick armey,DickArmey
1294,Coast Guard,
1295,phil robertson,Reaproy
1296,ew jackson,
1297,geraldine thompson,defines1
1298,loretta sanchez,LorettaSanchez
1299,citizens fairness,
1300,steve ogden,SteveOgdenArt
1301,cw bill young,
1302,leah vukmir,LeahVukmir
1303,robert barber,RA_Barber
1304,dannel malloy,
1305,bill bennett,WilliamJBennett
1306,don young,
1307,alliance americas future,
1308,make us great again,
1309,steve southerland,Rep_Southerland
1310,mario loyola,
1311,david alameel,
1312,emergency committee israel,
1313,bruce rauner,BruceRaunerHQ
1314,john thrasher,jthrasher
1315,lee may,
1316,violence policy center,VPCinfo
1317,my city bikes,
1318,danny tarkanian,DannyTarkanian
1319,dave aronberg,aronberg
1320,education action group,
1321,samir chachoua,
1322,pat carlson,PatCarlsonMinis
1323,ellen troxclair,EllenforAustin
1324,bryce reeves,ReevesVA
1325,tom kean sr,
1326,caroline casagrande,CCCasagrande1
1327,jim waldman,jimwaldman
1328,jodie laubenberg,LaubenbergTX
1329,no casinos,
1330,jason conger,JasonConger
1331,wisconsin manufacturers and commerce,
1332,internet commenters,
1333,accountability project,
1334,bill kristol,BillKristol
1335,john loughlin,
1336,susan b anthony list,
1337,diana degette,DeGette5280
1338,mike dudgeon,mjdudgeon
1339,rob wittman,ReElectWittman
1340,jon husted,JonHusted
1341,anne goodman,
1342,national partnership women families,
1343,florida hometown democracy,
1344,will wynn,mycarheaven
1345,rick kriseman,Kriseman
1346,mark kelly,ShuttleCDRKelly
1347,texas future,
1348,blanche lincoln,
1349,jd van brink,JDVanBrink
1350,atlanta braves,Braves
1351,rhue reis,ReisforCongress
1352,arthenia joyner,JoynerforSenate
1353,donna shalala,
1354,marcus low,
1355,chris mccalla,HeyMrMcCalla
1356,dave marsden,SenDaveMarsden
1357,diane black,RepDianeBlack
1358,christopher monckton,chris_monckton
1359,frank wolf,RepWOLFPress
1360,liberty institute,
1361,louis marinelli,LouisJMarinelli
1362,thom tillis,
1363,defending main street,DefendMainSt
1364,bikeportlandorg,
1365,david rivera,RepRivera
1366,us department housing and urban development,
1367,get equal texas,
1368,new hampshire republican party,
1369,renee unterman,Renee_Unterman
1370,kevin flynn,FlynnCNBC
1371,virginia first foundation,
1372,committee restore americas greatness,
1373,libertarian party georgia,
1374,sally bethea,sbethea063
1375,planned parenthood,PPFA
1376,dccc lgo,
1377,stefani carter,stefani_carter
1378,gene mcintyre,genem3
1379,michael bloomberg,
1380,lone star project,lsptex
1381,peter beinart,PeterBeinart
1382,jefferson smith,jeffersonsmithp
1383,lee holloway,icqheretic
1384,eric gray,TheEricGray
1385,terry russell,TerryRussellLtd
1386,james buchal,JamesBuchal
1387,jack reed,
1388,hugh thompson,thommosays
1389,ron maag,
1390,ray lewis,raylewis
1391,philip van cleave,
1392,rose mary grant,Grant7Rose
1393,julie lassa,JulieMLassa
1394,oregon business association,
1395,adam schefter,AdamSchefter
1396,jack hanna,JungleJackHanna
1397,protect your vote ohio protect your vote ohio,
1398,sierra club,SierraClub
1399,kay hagan,kayhagan
1400,silvestre reyes,
1401,austin scott,
1402,kirsten gillibrand,SenGillibrand
1403,tom mechler,tommechler
1404,maria sachs,MariaSachs
1405,william benson huber,NYCWBH
1406,mark obenshain,MarkObenshain
1407,wayne christian,ChristianForTX
1408,david furhman,
1409,chris stirewalt,ChrisStirewalt
1410,james stegmaier,jpstegmaier
1411,vladimir putin,
1412,burnt orange report,BOR
1413,claire suggs,ClaireVSuggs
1414,taxpayer association oregon,
1415,john fleming,RepFleming
1416,ronald rice,
1417,georgia department public health,
1418,rosemary lehmberg,RoseLehmberg
1419,national womens law center,
1420,stephen nodine,NodineTweets
1421,kevin mccarthy,GOPLeader
1422,michelle nunn,MichelleNunn
1423,corrine brown,CorrineBrownCon
1424,floridians ethics and truth politics,
1425,peter pantuso,PantusoPeter
1426,carol morgan,AtlantaPR
1427,debbie mayfield,debbie_mayfield
1428,chris bowers,chrisbowers
1429,kevin reilly,
1430,colleen kiernan,ckiernanATL
1431,anthony gemma,
1432,courageous conservatives pac,
1433,chris collins,
1434,roger stone,
1435,mickie williams,sup_steez
1436,progress florida,ProgressFlorida
1437,christine odonnell,
1438,votevetsorg,
1439,msnbc,MSNBC
1440,matt caldwell,mattcaldwell_fl
1441,david bowen,
1442,david barton,DavidBartonWB
1443,harold ford jr,
1444,trey martinez fischer,
1445,john buss,
1446,scott maddox,duffmc2001
1447,steve goreham,stevegoreham
1448,vicky hartzler,
1449,florida voter,
1450,ronnie earle,stay_numb_
1451,bryan hughes,bryanweather
1452,new jersey tea party,
1453,steven schale,
1454,leslie geissler munger,
1455,james bell,
1456,penny pritzker,PennyPritzker
1457,jim moore,cougsgo
1458,nfederation o independent business virginia,
1459,league women voters austin area,
1460,lorraine fende,FendeLorraine
1461,kai degner,kaidegner
1462,robert dold,
1463,seaworld,SeaWorld
1464,carlos gimenez,
1465,myra crownover,MyraCrownover
1466,citizens progressive wisconsin,
1467,steve israel,RepSteveIsrael
1468,washington examiner,dcexaminer
1469,david ralston,
1470,tarina keene,ProtectChoice
1471,todd richardson,Rep_TRichardson
1472,afscme people,
1473,pete hegseth,PeteHegseth
1474,rodney ellis,RodneyEllis
1475,steve wise,notamagi
1476,donald verrilli,
1477,marina dimitrijevic,supervisormd
1478,richard besser,
1479,scott keyes,smkeyes
1480,susan combs,
1481,deval patrick,DevalPatrick
1482,steve loomis,48Stevie
1483,herb kohl,
1484,senate republican conference,
1485,james woods,RealJamesWoods
1486,tom steyer,TomSteyer
1487,vance smith,vanceasmith
1488,joe wilkinson,gillinghamjoe
1489,michele walsh,Brez70
1490,jim mcdermott,RepJimMcDermott
1491,charles reed,
1492,zoe lofgren,ZoeLofgren
1493,david caton,DAVECATON01
1494,morten jerven,MJerven
1495,scott peters,ScottPetersSD
1496,john klenke,9773powerstroke
1497,janice hahn,SupJaniceHahn
1498,jennifer parrish,JenParrish777
1499,ralph reed,ralphreed
1500,campaign defend america,
1501,anthony weiner,CarlosDWeiner
1502,freedom project,
1503,sandra stotsky,sgstotsky
1504,philip keefe,
1505,mike prendergast,MPrendergastTX
1506,jim gilmore,gov_gilmore
1507,joshua mckoon,
1508,romney allies,
1509,georgiacarryorg georgiacarryorg,
1510,forecast facts,
1511,focus family action,
1512,maria bartiromo,MariaBartiromo
1513,bill post,
1514,big gamble nj,BigGambleNJ
1515,huey rey fischer,
1516,mario diaz balart,
1517,leonard lance,
1518,everytown gun safety,
1519,teresa ghilarducci,tghilarducci
1520,jack roberts,By_JackRoberts
1521,josh trevino,Parallelfilmss
1522,wrongwayrubiocom,
1523,ilyse hogue,ilyseh
1524,tucker carlson,TuckerCarlson
1525,vernon jones,
1526,city atlanta,
1527,eva marie mancuso,
1528,tim sheehy,TimSheehy
1529,andy craig,nland360
1530,we are wisconsin,
1531,ruben kihuen,
1532,jose rodriguez,Josseroodriguez
1533,wesley clark,WesClark
1534,chris riley,Chris_Riley2
1535,corey hebert,
1536,doreen costa,DoreenCostaRI
1537,duriya farooqui,DuriyaFarooqui
1538,kimberly guilfoyle,kimguilfoyle
1539,american petroleum institute,APIenergy
1540,michael schrunk,
1541,libertarian national committee,
1542,hank gilbert,Hank4Texas
1543,dana milbank,Milbank
1544,transportation leadership coalition,
1545,todd tiahrt,reptoddtiahrt
1546,ryan frazier,RyanLFrazier
1547,charlie sykes,SykesCharlie
1548,tom leppert,
1549,log cabin republicans,
1550,18 percent american public,
1551,robert kraig,RKraig1912
1552,e gordon gee,
1553,gary lambert,GaryLambertNH
1554,pink pony,showbars
1555,conservatives patients rights,
1556,sovereign citizens united,
1557,chris dudley,ChrisUnderoath
1558,jimmy barrett,jameshbarrett
1559,plantsneedco2org,
1560,afl cio,
1561,progress austin pac,
1562,duncan hunter,
1563,tom craddick,craddick_tom
1564,anitere flores,
1565,david sciarra,
1566,george p bush,
1567,dean obeidallah,
1568,hilary treadwell,
1569,gail collins,gailcollins
1570,thomas garrett jr,
1571,david segal,SegalforRI
1572,burrell ellis,
1573,d king,
1574,amalgamated transit union,
1575,dana wachs,DanaJWachs
1576,mike hymes,THS67
1577,freedom religion foundation,
1578,david perdue files,
1579,bob barr,bobbarr
1580,gloria romero roses,gromeroroses
1581,citizens michael mcauliffe and house republican or,
1582,national republican trust pac,
1583,maria shriver,mariashriver
1584,jim mowrer,jimmowrer
1585,joseph levy,josephmlevy
1586,charles odimgbe,Chazorlee
1587,jim rubens,JimRubens
1588,gun owners america,
1589,bill mccoshen,billmccoshen
1590,roberto dasilva,
1591,justin trudeau,JustinTrudeau
1592,ted kanavas,Ted_Kanavas
1593,rhode island senate,RISenate
1594,luis alejo,SupervisorAlejo
1595,van jones,VanJones68
1596,pat kreitlow,
1597,cynthia lummis,
1598,michael hayden,
1599,butch conway,conwaysheriff
1600,vernon keenan,vkeenan
1601,emanuel cleaver,
1602,no 56 campaign,
1603,richard morrison,RichardTeam
1604,house majority pac,HouseMajPAC
1605,independent texans,
1606,peter morici,PMorici1
1607,roy moore,
1608,greenville gazette,
1609,julie pace,jpaceDC
1610,no tax tracks,
1611,wisconsin family action,
1612,cnn,CNN
1613,rhode island retirement security coalition,
1614,nancy grace,NancyGrace
1615,carla axtman,
1616,jeff sessions,jeffsessions
1617,shawn lindsay,
1618,common sense now,
1619,richard pan,
1620,wayne rogers,
1621,hunter schwarz,hunterschwarz
1622,michael bennet,MichaelBennet
1623,lauren hitt,LaurenHitt
1624,roy zimmerman,royzimmerman
1625,democratic governors association,
1626,gary black,
1627,stuart sternberg,wdwfanzonestu
1628,andre carson,
1629,no 67,
1630,woody degan,Degan4Senate
1631,jack latvala,
1632,linda mcmahon,Linda_McMahon
1633,alliance retired americans,
1634,paul manafort,PaulManafort
1635,bob corker,
1636,randy neugebauer,RandyNeugebauer
1637,buddy roemer,
1638,we people petition,
1639,young americans liberty,
1640,martin kiar,
1641,fred smith,
1642,our city our safety our choice,
1643,kal penn,kalpenn
1644,jeff miller,jeffmillerla
1645,paul babeu,
1646,burger king,BurgerKing
1647,alternativepac,AlternativePac
1648,portland public schools,
1649,pro life wisconsin,
1650,bill seitz,BillSeitz
1651,kate obenshain,kateobenshain
1652,mike coffman,RepMikeCoffman
1653,bornalivetruth org,
1654,jeff mann,
1655,donna garner,dmgarner13
1656,scott garrett,RepGarrett
1657,tim ziemer,tziemer763
1658,chris cuomo,
1659,daniel greenfield,Sultanknish
1660,ted ankrum,TedAnkrum
1661,seminole tribe florida,
1662,doug collins,
1663,edward markey,
1664,john thune,
1665,memphis police association,
1666,nina perales,
1667,matt mackowiak,MattMackowiak
1668,tammy duckworth,SenDuckworth
1669,dan ramos,danramoscomedy
1670,akbar al baker,
1671,atlanta neighborhood association,
1672,tom corbett,CorbettforGov
1673,hillsborough area rapid transit hart,
1674,brian schweitzer,brianschweitzer
1675,jay goyal,jaygoyal
1676,ken mercer,TheMoves
1677,ken langone,realkenlangone
1678,kent conrad,Conradozxc
1679,mike scott,mikescott
1680,texans economic development,
1681,bee moorhead,
1682,tom nelson,tan123
1683,mark begich,MarkBegich
1684,patrick moore,EcoSenseNow
1685,mike gravel,MikeGravel
1686,james langevin,
1687,us census bureau,
1688,winning democrats,
1689,linda finn,Lindafblue
1690,jerry falwell,JerryFalwellJr
1691,julaine appling,sixfooter
1692,kari chisholm,karichisholm
1693,john lott,LottOnBaseball
1694,special operations opsec education fund,
1695,ruben navarrette jr,RubenNavarrette
1696,jeremy schaap,JeremySchaap
1697,jamie samons,jamiesamons
1698,catherine cortez masto,
1699,james dobson,
1700,we love usa pac,
1701,citizens transportation mobility,
1702,john raese,RaeseForSenate
1703,sam brownback,
1704,heather beaven,ElectBeaven
1705,john stemberger,JohnStemberger
1706,b heath mitchell,
1707,jonah goldberg,JonahNRO
1708,charlene lima,CharleneLimaRI
1709,steven rattner,SteveRattner
1710,lamar alexander,
1711,dwight holton,RogueDew
1712,carol browner,Kandice_Masinga
1713,gary painter,GaryDeanPainter
1714,elizabeth roberts,
1715,sonji jacobs,SonjiJacobs
1716,gloria steinem,GloriaSteinem
1717,jay leno,jayleno
1718,franklin graham,Franklin_Graham
1719,joel klatt,joelklatt
1720,mark kirk,SenatorKirk
1721,doctors without borders,
1722,georgia farm bureau,GaFarmBureau
1723,james vincent,
1724,gsu alumni association,
1725,america rising now,
1726,brian anderson,AndersonBrian01
1727,clay cox,CoachCox19
1728,scott desjarlais,DesJarlaisTN04
1729,joseph mcnamara,Joemacisbatman
1730,other 98,
1731,sandra smith,SandraSmithFox
1732,suzanne devlin,GrevlinSuzanne
1733,doug macginnitie,mac4sos
1734,josh fox,joshfoxfilm
1735,women wall,
1736,john sharp,JohnSharp99
1737,will kraus,unclekraus
1738,virginia tea party patriots,
1739,joe pitts,
1740,raul labrador,
1741,larry kilgore,DrLarryKilgore
1742,gary schaer,GarySchaerNJ
1743,donald rumsfeld,RumsfeldOffice
1744,ruth bader ginsburg,
1745,theresa price,theresaprice21
1746,paul lepage,
1747,terry gorman,TerryJGorman
1748,steven frias,StevenFD_
1749,luis gutierrez,
1750,susan sosnowski,SozMama
1751,various media reports,
1752,jim petro,
1753,austin board realtors pac,
1754,dan kapanke,DanKapanke
1755,dana perino,DanaPerino
1756,gayle smith,GayleSmith
1757,david wu,PG_Mashumaro
1758,eugene yu,
1759,ari melber,AriMelber
1760,ruben hinojosa,
1761,corey stewart,CoreyStewartVA
1762,justin amash,justinamash
1763,samuel wurzelbacher,
1764,lz granderson,LZGranderson
1765,robert mcdonald,
1766,democratic hispanic caucus florida miami dade coun,
1767,wesley smith,
1768,buddy carter,RepBuddyCarter
1769,georgia state road and tollway authority,
1770,fact check florida,
1771,libre initiative,
1772,bruce starr,brucestarr29
1773,broward republican executive committee,
1774,charlie flemming,charlieflemmin1
1775,pam bondi,PamBondi
1776,mark geist,MarkGeistSWP
1777,andrea mitchell,mitchellreports
1778,jon voight,jonvoight
1779,doug muder,
1780,virginia society human life,
1781,general beauregard beau lee,
1782,mike tate,michaeljtate
1783,john ludlow,surfglen
1784,jesse jackson,
1785,bob hackworth,BobHackworth
1786,state tea party express state tea party express,
1787,vicki shabo,VShabo
1788,barry duval,barry_duval
1789,richard corcoran,richardcorcoran
1790,stacey campfield,realstaceyc
1791,michelle litjens,michellelitjens
1792,pat mullins,
1793,basil seggos,BasilSeggos
1794,charlotte lehan,Charbs51
1795,declan oscanlon,
1796,jennifer granholm,JenGranholm
1797,cq press city crime rankings 2010 2011,
1798,javier m gonzales,
1799,rick barber,rick03907
1800,republican jewish coalition,
1801,forbes blog,
1802,workers voice,
1803,sandy pasch,sandyforsenate
1804,brent barton,
1805,stacey abrams,staceyabrams
1806,larry sabato,LarrySabato
1807,centers disease control,
1808,david corn,DavidCornDC
1809,eleanor holmes norton,EleanorNorton
1810,martha mcsally,SenMcSallyAZ
1811,heidi heilman,HeidiHeilman
1812,eva galambos,evagalambos
1813,fred clark,SlacktivistFred
1814,dan gecker,dangecker
1815,donny deutsch,DonnyDeutsch
1816,sanford bishop,SanfordBishop
1817,ocean state policy research institute,
1818,ismael ozanne,DaneDAOzanne
1819,teresa tanzi,
1820,frank lobiondo,FrankLoBiondoNJ
1821,lucy flores,LucyFlores
1822,joe donnelly,deaco2000
1823,eric holder,EricHolder
1824,jd alexander,Jdalexander64
1825,diane hurley,
1826,john chisholm,johndchisholm
1827,federation american immigration reform,
1828,marjorie dannenfelser,
1829,liberal bloggers,
1830,robert bennett,WAVY10Bob
1831,dan saltzman,DanSaltzman1016
1832,penny bernard schaber,
1833,rod smith,TheREALrodSmith
1834,jane kidd,janekidd12
1835,paul bedard,SecretsBedard
1836,michael madigan,madiganm
1837,steven brown,
1838,clint eastwood,
1839,robert flanders,
1840,jon richards,iamthejmark
1841,alan hays,
1842,steve acenbrak,
1843,jorge elorza,Jorge_Elorza
1844,richard cordray,
1845,richard burr,SenatorBurr
1846,allen boyd,
1847,christopher little,ChrisLittle25
1848,matt miller,
1849,patty murray,
1850,tim grendell,TimGrendell
1851,californians lower drug prices,
1852,lawrence lessig,
1853,frank brogan,FrankNutr
1854,university oregon,
1855,celia israel,CeliaIsrael
1856,rudy moise,
1857,leah ward sears,
1858,amy schumer,amyschumer
1859,joe walsh,WalshFreedom
1860,larry gonzales,gonzolk
1861,rhode island center freedom and prosperity,
1862,patrick kennedy,
1863,brian kilmeade,kilmeade
1864,jeff wagner,Jeff_Wagner4
1865,mike collins,MIKECOLLINS99
1866,cnsnews,cnsnews
1867,jane harman,
1868,josh hawley,HawleyMO
1869,ted deutch,
1870,greg steube,gregsteube
1871,richard woods,Richard_Woods
1872,amy hanauer,amyhanauer
1873,pat robertson,
1874,nathan deal and roy barnes,
1875,matthew rothschild,
1876,league conservation voters,
1877,joseph cryan,
1878,rich lowry,RichLowry
1879,paul bettencourt,
1880,matt wand,
1881,nation islam research group,
1882,pat stevens,
1883,marla stephens,marla_stephens
1884,david frum,davidfrum
1885,jacky rosen,RosenforNevada
1886,liberals are cool,LiberalsAreCool
1887,bob ryan,GlobeBobRyan
1888,allan levene,LEVENEBRICKWORK
1889,gary cobb,cobbyqpr
1890,worldnetdaily,
1891,ernest almonte,ErnestAlmonte1
1892,jean schmidt,
1893,naral pro choice america,
1894,stephen martin,
1895,commonsense ten,
1896,jeff brandes,JeffreyBrandes
1897,chris devaney,FormerChairman
1898,jim marshall,
1899,jeannette vaught,
1900,allen alley,allen_alley
1901,janet napolitano,t_tenglish
1902,curt schilling,gehrig38
1903,steve buckstein,SteveBuckstein
1904,carl paladino,CarlPaladino
1905,american principles action,
1906,joy pullmann,JoyPullmann
1907,dan stein,DanS_journalism
1908,charlie baird,charliebaird10
1909,new day america,
1910,sherry sylvester,sylvester1630
1911,kevin boyce,
1912,brian robinson,br524
1913,dan becker,becker513
1914,basic rights oregon,basicrights
1915,beverly hall,IrishBones69
1916,rob andrews,
1917,Kiplinger com,
1918,seneca jones,
1919,reclaim america pac,TeamReclaim
1920,virginia senate democratic caucus,
1921,scott jones,FOX59SJONES
1922,gordon quan,GordonQuan
1923,stacey evans,EvansforGeorgia
1924,whoopi goldberg,WhoopiGoldberg
1925,sylvia romo,sylromo
1926,freedom and responsibility pac,
1927,red white and blue fund,
1928,harold metts,
1929,mark sanford,MarkSanford
1930,john burzichelli,
1931,matthew cooke,
1932,defenders wildlife action fund defenders wildlife,
1933,viral buzzfeed,
1934,dianne feinstein,
1935,competitive enterprise institute,ceidotorg
1936,william howell,ProfWillHowell
1937,reed gusciora,
1938,numbers usa,
1939,bill kennemer,repbillkennemer
1940,michael chippendale,mickchip
1941,joe morrissey,MorrisseyPhotos
1942,media trackers,
1943,deborah kafoury,dkafoury
1944,elizabeth cohen,elizcohencnn
1945,Arizona Citizens Defense League,
1946,madison action fund,MadisonAction
1947,branko radulovacki,
1948,revitalize cobb,
1949,brad avakian,BradAvakian
1950,mike keown,
1951,mark dayton,
1952,breitbart,BreitbartNews
1953,our portland our schools,
1954,kathleen passidomo,Kathleen4SWFL
1955,joe atkins,MrJophoto
1956,bill mitchell,mitchellvii
1957,ertharin cousin,ertharin
1958,barry garner,Bazag69
1959,ora houston,
1960,kareem abdul jabbar,
1961,lenny curry,lennycurry
1962,bill gates,BillGates
1963,florida conference catholic bishops,
1964,ben bius,BenBius
1965,xavier becerra,AGBecerra
1966,jobs ohio,
1967,donald mceachin,
1968,jim durrett,
1969,charley wilkison,charleywilkison
1970,don lemon,donlemon
1971,ron oakley,
1972,susan collins,
1973,baker harrell,itstimefounder
1974,critics water fluoridation,
1975,solar energy fairness,
1976,multnomah county library foundation,
1977,brian patrick kennedy,
1978,amanda fritz,AmandaFritzRN
1979,george holding,RepHolding
1980,chuck donovan,Dunnie42
1981,progressive change campaign committee,
1982,peter schweizer,peterschweizer
1983,john shimkus,RepShimkus
1984,stephanie desilva,StephanieDesi10
1985,daniel rodriguez,sethillgard
1986,sly james,
1987,michael t owens,
1988,gina hinojosa,GinaForAustin
1989,mahmoud ahmadinejad,Ahmadinejad1956
1990,our principles pac,
1991,gene green,
1992,tony capezza,
1993,matt gaetz,mattgaetz
1994,jan schakowsky,janschakowsky
1995,billboard spaghetti junction,
1996,frank ortis,
1997,yes 84,
1998,chris van hollen,ChrisVanHollen
1999,james skeffington,jamesskeff2013
2000,colorados voice,
2001,one nation pac,OneNationPAC
2002,kenneth mckay,McKayKH_95
2003,frank pallone jr,
2004,jamie oliver,jamieoliver
2005,steve doocy,SteveDoocy
2006,physicians committee responsible medicine,
2007,yvette mcgee brown,YvetteMB1
2008,kate brown,
2009,richard durbin,
2010,hetty rosenstein,
2011,annette taddeo goldstein,
2012,chris malone,
2013,al roker,alroker
2014,jim taricani,jim_taricani
2015,bing west,BingWest
2016,ron shipman,RonShipman2
2017,lori haas,LoriHaasVA
2018,florida conservation alliance,
2019,bob wirch,
2020,ohio house republican organizational committee,
2021,florida first initiative,
2022,naha daily,
2023,sarah eckhardt,
2024,georgia department economic development,
2025,john morgan,JohnMorganESQ
2026,thomas norment jr,
2027,jb powell,JBPowell11
2028,national federation independent business florida,
2029,doug ducey,dougducey
2030,richard land,
2031,enough already wisconsin inc,
2032,stephanie schriock,Schriock1
2033,ken hagan,hagan2010
2034,katrina shankland,RepShankland
2035,elizabeth dennigan,xoladiegaga
2036,texas democratic party,
2037,steve doell,DeadlyDoellies
2038,valerie vainieri huttle,
2039,jerome buting,JButing
2040,oregon education association,
2041,atlanta journal constitution,
2042,mallard fillmore,fillinator
2043,james capretta,
2044,dale earnhardt jr,DaleJr
2045,joe sanfelippo,Joe_Sanfelippo
2046,lois frankel,
2047,craig miller,junior_miller
2048,michelle mosby,MsHelpMeHelpYou
2049,mick mulvaney,MickMulvaneyOMB
2050,ted piccolo,tedpiccolo
2051,barbara lee,BarbaraLeeSays
2052,jennifer carroll,ChefJenCarroll
2053,league women voters texas education fund,
2054,joe negron,
2055,mary olson,
2056,pam stewart,pstewart78
2057,david pennington,pennington03
2058,chris latvala,ChrisLatvala
2059,stop gillnetting now,StopGillnetting
2060,larry pressler,larrypressler
2061,craig james,
2062,robert koons,
2063,national review,NRO
2064,metro atlanta voter education network,
2065,wilton gregory,
2066,jennifer beck,
2067,melvin sickler,
2068,miss california usa,
2069,james inhofe,
2070,mary mannix,
2071,liz cheney,Liz_Cheney
2072,beth harwell,BethHarwellTN
2073,joni ernst,joniernst
2074,richard franklin iii,
2075,myra signer,MyraSigner
2076,mary jordan,marycjordan
2077,sam olens,
2078,bill de blasio,BilldeBlasio
2079,richard shelby,SenShelby
2080,james carville,JamesCarville
2081,tom perriello,tomperriello
2082,nia gill,gill_nia
2083,mindy montford,
2084,weston wamp,westonwamp
2085,lauren kane,lelizabethkane
2086,ian lang,IanLangITVWales
2087,michael cohen,MichaelCohen212
2088,stephen fincher,RepFincherTN08
2089,center western priorities,
2090,eugene mckenna,euggmac
2091,reza aslan,rezaaslan
2092,chris widener,ChrisWidener
2093,patients first,
2094,robert gates,
2095,online petition,
2096,moms demand action gun sense america,
2097,christopher l smith,
2098,carl heastie,
2099,michael skindell,
2100,nationwide,Nationwide
2101,empowered georgia,empoweredga
2102,mike turzai,
2103,michael cutler,cutlermj
2104,broward county police benevolent association,
2105,gavin mcinnes,DefendGavin
2106,steven emerson,
2107,terral smith,
2108,ken paxton,KenPaxtonTX
2109,occupational knowledge international,
2110,jay rockefeller,
2111,erick erickson,
2112,katherine cloonen,
2113,glenn nye,GlennNye
2114,texas state employees union,
2115,shawn oconnor,ShawnsWineLife
2116,tom ganley,tomganley
2117,emil runge,RungeEmil
2118,victoria jackson,VictoriaJackson
2119,bob bennett,BobBennett_b2
2120,chris koster,Koster4Missouri
2121,dan moore,DANandMOORE
2122,brad woodhouse,woodhouseb
2123,charles cooper,coopeydoop
2124,oxfam ireland,OxfamIreland
2125,concerned women america,
2126,jason rae,JasonRRae
2127,jennifer horn,NHJennifer
2128,brad blakeman,BradBlakeman
2129,efrain de la fuente,VoteDeLaFuente
2130,nancy jester,nancy_jester
2131,luis garcia,
2132,jeff chapman,
2133,rebecca kleefisch,RebeccaforReal
2134,nadine smith,NadineMCSmith
2135,eric johnson,EricJJohnson79
2136,brian schatz,brianschatz
2137,robin schimminger,
2138,bumper sticker,bumpstickideas
2139,bud chiles,
2140,charlie hales,
2141,occupy providence,OccupyProv
2142,mark tapscott,MarkTapscott
2143,turn right usa,
2144,ending spending action fund,
2145,elton john,eltonofficial
2146,georgia association homes and services children,
2147,bob schieffer,bobschieffer
2148,judy manning,jboppwrites
2149,yes 62 death penalty repeal,
2150,tony evers,Tony4WI
2151,charles van zant,
2152,holly turner,
2153,naacp,NAACP
2154,mothers against drunk driving,
2155,robert malin,So1idarityMedia
2156,david simpson,
2157,unbreakable kimmy schmidt,
2158,color change,
2159,dennis baxley,
2160,john roberts,JohnRobertsFun
2161,rick boucher,rickboucherdc
2162,elaine phillips,ElainePhillips1
2163,patrick mchenry,PatrickMcHenry
2164,rhode island tea party,
2165,conservative solutions pac,
2166,jack trammell,jacktrammell
2167,dave schwartz,Dave_Schwartz
2168,robert henneke,
2169,campaign liberty,
2170,barbara comstock,BarbaraComstock
2171,scott fitzgerald,SenFitzgerald
2172,michael cannon,
2173,oregon environmental council oregon business assoc,
2174,john g morgan,
2175,brook hines,nashville_brook
2176,bob marshall,
2177,al jazeera america,ajam
2178,trusted leadership pac,
2179,moms rising,
2180,central falls police department,
2181,pray jesus name project,
2182,susan pitman,kitykity
2183,babur lateef,lateef4chair
2184,florida stop common core coalition,
2185,michael mullen,
2186,jonathan steitz,JonathanSteitz
2187,jack bogdanski,bojack54
2188,derek ryan,DerekAllenRyan
2189,nevada assembly republican candidates,
2190,brent larkin,brentlarkin
2191,advancing wisconsin,
2192,steve chabot,
2193,mary matalin,MaryMatalin
2194,sheila harsdorf,senharsdorf
2195,ron amstutz,rkagolf
2196,protect your vote,
2197,rightmarchcom,
2198,oregon citizens lobby,
2199,fran lebowitz,franlebowitz
2200,econorthwest economics finance planning,
2201,firearms policy coalition,gunpolicy
2202,libertarian party broward county,
2203,jim kyle,
2204,ben shapiro,benshapiro
2205,progressive change campaign committee and democrac,
2206,kellyanne conway,KellyannePolls
2207,major garrett,MajorCBS
2208,tom rooney,TomRooney
2209,ross douthat,DouthatNYT
2210,town hall audience member,
2211,mike gallagher,radiotalkermike
2212,cecile richards,CecileRichards
2213,georgia gun owners,GaGunOwners
2214,phil ruffin,PhilRuf
2215,jeff flake,JeffFlake
2216,james brown,
2217,rula jebreal,rulajebreal
2218,paul stekler,
2219,anti defamation league,
2220,dino rossi,DinoRossiWA
2221,ridesharing works austin,
2222,william weld,
2223,new jersey sierra club,
2224,promote oregon leadership pac oregon house republi,
2225,wisconsin corn growers association,
2226,campaign americas future,
2227,senfronia thompson,Senfronia4Texas
2228,steve oroho,SteveOroho
2229,end citizens united,StopBigMoney
2230,austin fund quality healthcare,
2231,brian newberry,_CoachNew
2232,mt hood community college,
2233,colin van ostern,ColinVanOstern
2234,lights liberty,
2235,lars larson,LarsLarsonShow
2236,william ruto,
2237,AARP,
2238,rob woodall,RepRobWoodall
2239,chris bollwage,MayorBollwage
2240,atlanta police foundation,
2241,dick greco,
2242,john whitbeck,JohnWhitbeck
2243,jackie speier,RepSpeier
2244,kai ryssdal,kairyssdal
2245,mike stenhouse,mikesten
2246,david englin,david_englin
2247,veronica escobar,vgescobar
2248,liberal blogger,
2249,ed lindsey,
2250,david canon,
2251,chris telfer,SenChrisTelfer
2252,jimmie don aycock,Aycockjda
2253,yard sign,
2254,john driscoll,OPDPresources
2255,ruth marcus,RuthMarcus
2256,duf sundheim,DufSundheim
2257,chris garrett bill kennemer,
2258,oregon food bank,oregonfoodbank
2259,cormick lynch,CormickLynch
2260,david sutton,davidball1978
2261,alisha thomas morgan,AlishaMorgan
2262,kathy nickolaus,
2263,patti doyle,
2264,matt lundy,mattlundy33
2265,environmental justice league ri environmental just,
2266,judy shiprack diane mckeel,
2267,arne duncan,arneduncan
2268,ken detzner,KenDetzner
2269,heather moore,HMooreTV
2270,sarah copelin wood,
2271,lauren benedict,laurenbeeswax
2272,rob gleason,glebo15
2273,charles bass,
2274,richard august,RichAugust1
2275,jess mcintosh,jess_mc
2276,joe donald,
2277,laurie monnes anderson,
2278,rob bovett,
2279,kelly cassidy,
2280,seth magaziner,SethMagaziner
2281,jeffrey toobin,JeffreyToobin
2282,duane hall,
2283,david pepper,DavidPepper
2284,wisconsin institute law liberty,
2285,chris danou,
2286,state public service announcement,
2287,paul doughty,PaulDoughty1
2288,scott turner,ScottyT6
2289,mike ryan,mikeryan
2290,planned parenthood votes,
2291,john podesta,johnpodesta
2292,trebor banstetter,Banstetter
2293,pardeep kaleka,
2294,eva longoria,EvaLongoria
2295,charles koch,CKinstitute
2296,american bird conservancy,ABCbirds
2297,joe wilson,RepJoeWilson
2298,callista gingrich,CallyGingrich
2299,thom hartmann,Thom_Hartmann
2300,common sense kids action,CSKidsAction
2301,israel oquinn,
2302,chuck fleischmann,RepChuck
2303,raymond lesniak,
2304,american natural gas alliance,
2305,chris dorworth,ChrisDorworth
2306,mike white,
2307,dana bash,DanaBashCNN
2308,eric kearney,
2309,heritage foundation,Heritage
2310,truth accounting,
2311,stacy white,
2312,wisconsin association justice,
2313,jim cooper,repjimcooper
2314,victoria cobb,toricobb3
2315,barbara cargill,barbaracargill
2316,rob astorino,RobAstorino
2317,jonathan stickland,RepStickland
2318,jimmy flannigan,JimmyFlannigan
2319,janet freedman,jrfreedman1
2320,elisabeth hasselbeck,ehasselbeck
2321,susan shapiro,Susanshapironet
2322,obama girl,
2323,united care,
2324,nick tsiongas,
2325,stephen kretzmann,Kretzmann
2326,donna seidel,
2327,ralph mollis,
2328,citizens strong america,
2329,anita perry,AnitaPerryTX
2330,mike enzi,SenatorEnzi
2331,rick saccone,RickSaccone4PA
2332,chuck norris,chucknorris
2333,hector uribe,
2334,athens banner herald,
2335,nicholas gorham,NicholasGorham
2336,texas liberty pac,
2337,loretta lynch,
2338,pete koekstra,petekoekstra
2339,ed turanchik,ETuranchik
2340,martha raddatz,MarthaRaddatz
2341,darryl glenn,
2342,nia malika henderson,
2343,grady judd,
2344,timothy dolan,
2345,ted olson,teotwits
2346,janet howell,JanetHowellPye
2347,michael caputo,
2348,kathy miller,SupeKathyMiller
2349,jesse ventura,GovJVentura
2350,rees lloyd,
2351,national association gun rights,
2352,gary chiusano,
2353,preston smith,PrestonSmith94
2354,right rise,
2355,protect american jobs,
2356,michael julian bond,Michael_J_Bond
2357,nick ciparro,
2358,north carolina republican party,
2359,larry pratt,larrypratt
2360,dawson hodgson,DawsonHodgson
2361,presente,PresenteOrg
2362,jeff tittel,
2363,oregon transformation project,
2364,hillary mann leverett,
2365,nick gillespie,nickgillespie
2366,oregon department fish and wildlife,
2367,mike males,
2368,american beverage association,
2369,anthony bucco,
2370,john eaves,
2371,barney frank,BarneyFrank
2372,john bel edwards,JohnBelforLA
2373,dan lucas,WFLADan
2374,mayors against illegal guns,
2375,jay hottinger,
2376,david stockman,davidstockman
2377,center individual freedom,
2378,andy puzder,AndyPuzder
2379,joshua miller,jm_bos
2380,alex mcmurtrie jr,
2381,henry cisneros,henrygcisneros
2382,paul valletta,
2383,college presidents,
2384,dennis linthicum,DennisLinthicum
2385,doug stoner,doug_stoner
2386,multnomah county,MultCoLib
2387,state farm insurance,
2388,texans americas future pac,
2389,jim zehringer,
2390,michael denbrow,
2391,markel hutchins,
2392,mike thompson,RepThompson
2393,wayne deangelo,DeAngeloLD14
2394,peter feigin,pfeigin
2395,jay webber,JayWebberNJ
2396,constitutional rights pac,
2397,justin hewlett,justin_hewlett
2398,kevin coughlin,kcough
2399,ohio oil and gas association,
2400,change austinorg,
2401,jack seiler,
2402,portland bureau transportation pbot,
2403,steven goldstein,sjgoldstein
2404,we are milwaukee,
2405,save our springs alliance,
2406,marylanders prevent gun violence education fund,
2407,james florio,jamesflorio
2408,oregon senate republicans,ORSenateRs
2409,timothy geithner,TimGeithnerRX
2410,sam rashid,SamSRashid
2411,david beckham,DaviBeckham24x7
2412,bryan underwood,bwood
2413,jeff cogen,JeffCogen
2414,institute womens policy research,
2415,john legend,johnlegend
2416,kofi annan,KofiAnnan
2417,john kirby,johnfkirby63
2418,maria cardona,MariaTCardona
2419,brian fallon,brianefallon
2420,artur davis,ArturDavis
2421,gary peters,GaryPeters
2422,stephen lisauskas,stephnlisauskas
2423,dave joyce,RepDaveJoyce
2424,slice pint brewpub,
2425,deepwater wind,
2426,ron dermer,
2427,carol alvarado,CarolforTexas
2428,annise parker,AnniseParker
2429,jack conway,
2430,minka kelly,minkakelly
2431,george clooney,
2432,young conservatives texas,
2433,randy leonard,
2434,justin barasky,JustinBarasky
2435,kentucky opportunity coalition,
2436,citizens protect transportation funding,
2437,jon obrien,
2438,leonard pitts jr,
2439,trey gowdy,TGowdySC
2440,bill powers,
2441,marjorie sanfilippo,
2442,neil cavuto,TeamCavuto
2443,seiu healthcare illinois indiana,
2444,texas organizing project,
2445,andy gardiner,AndyGardiner
2446,american postal workers union,
2447,colin powell,cpowellschool
2448,john charles,
2449,elizabeth ames jones,ElizAmesJones
2450,joe miller,Joe_Miller
2451,john cortes,cortes_john
2452,accountability government,
2453,sheryl cole,SherylCole1
2454,john padgett,
2455,jim lampley,exfire21
2456,carolyn medeiros,Carolynwnhq
2457,ryan eller,
2458,mark herring,MarkHerringVA
2459,julia sass rubin,JuliaSassRubin
2460,tavis smiley,tavissmiley
2461,renewable fuels association,EthanolRFA
2462,jill chambers,jillchamberss
2463,thomas sowell,SowellColumn
2464,matt damon,MattDamonOnline
2465,steve brown,
2466,marie corfield,mariecorfield
2467,patrick johnston,risingaction
2468,steve leslie,sjlcards
2469,alex castellanos,alexcast
2470,florida department corrections worker,
2471,ron kind,
2472,georgia craft brewers guild,
2473,charley english,
2474,lisa blais,
2475,eric eisnaugle,ElectEric
2476,linda chavez thompson,
2477,david toscano,
2478,atlanta sports council,
2479,georgia association latino elected officials,
2480,rick lazio,RickLazio
2481,susan latvala,SLatvala
2482,hillary davis,MarcheDimanche
2483,jeff graham,JeffGrahamAtl
2484,wisconsin humane society,WiscHumane
2485,jim doyle,
2486,kernan kerry king,
2487,connie stokes,CS_Publishing
2488,larry valencia,LarryValencia13
2489,daniel harrop,PrinceOfHarrop
2490,lisa bloom,LisaBloom
2491,pete winstead,PeteWinstead
2492,bill powell,
2493,laura tyson,
2494,michael medved,MedvedSHOW
2495,mark brodeur,markbrodeur28
2496,david sweetser,DSweetser2
2497,shirley turner,shirlsyourgirl
2498,connservative republicans texas pac,
2499,karl king,
2500,nancy nathanson,
2501,bill posey,congbillposey
2502,corn commentary,
2503,nik kovac,nikovac
2504,dennis moss,
2505,john boccieri,RepJohnBoccieri
2506,bryan long,
2507,urban intellectuals,urbanintellects
2508,carl lewis,
2509,texas department transportation,
2510,anne hathaway,Hathaway_France
2511,wallace hall,
2512,janet murguia,
2513,arlen specter,
2514,jeffrey hernandez,
2515,tom fanning,Tom_Fanning_Ag1
2516,bill montford,BillMontford
2517,mike rawlings,Mike_Rawlings
2518,steve mcqueen,
2519,john bolton,AmbJohnBolton
2520,dean cannon,DeanCannon
2521,matt bevin,
2522,public notice,
2523,christopher peace,
2524,progressive choice,
2525,colleen conley,cconleyyyy
2526,jason riley,JasonRileyWDRB
2527,valinda bolton,ValindaBolton47
2528,gabrielle giffords,GabbyGiffords
2529,daniel llanes,
2530,margaret gomez,MGomez714
2531,hugh hewitt,hughhewitt
2532,john burton,
2533,dan branch,TexansForDan
2534,matt rinker,Matt_Rinker_
2535,american life league,AmerLifeLeague
2536,bob tiernan,bobtiernan
2537,tim murphy,
2538,mary taylor,
2539,charlie bethel,CharlieBethel
2540,future pac oregon house democrats,
2541,robert walsh,
2542,robert singer,
2543,jeff weems,JeffWeems3
2544,david silverman,MrAtheistPants
2545,tom smitty smith,
2546,roxanne ross,RoxyRoss
2547,frank lasee,franklasee
2548,maurice thompson,
2549,eugene sepulveda,EugeneAustin
2550,lisa baldelli hunt,
2551,clearpath action fund,
2552,franklin sands,
2553,public citizen,Public_Citizen
2554,brett smiley,brettsmiley
2555,stuart varney,
2556,tavern league wisconsin,
2557,rob moshein,AustinWineGuy
2558,other space,
2559,cornel west,CornelWest
2560,john mckeon,jtmckeon
2561,county line,
2562,martin smith,MartinSmithTV
2563,alberto carvalho,
2564,charles boustany,charlesboustanl
2565,lets get work,
2566,doug miller,DougObserver
2567,anna little,
2568,floridians solar choice,
2569,john fetterman,JohnFetterman
2570,jack conners,srennoc
2571,leo berman,RepBerman
2572,raphael warnock,
2573,gary sasse,
2574,pete snyder,
2575,allison tant,allisontant
2576,florida badass teachers association,
2577,brad schneider,
2578,ed whitacre,retiredceo
2579,cecilia munoz,
2580,protect families first,
2581,jim bridenstine,JimBridenstine
2582,jack falanagan,
2583,john oxendine,Johnoxendine
2584,james parisi,JamesAParisi
2585,michael murphy,murphm95
2586,jamie weinstein,Jamie_Weinstein
2587,janet bewley,JanetBewley4WI
2588,rock vote,
2589,tom delay,tomdelaybeats
2590,ovide lamontagne,ovidein2010
2591,jeff judson,Jeffrey8912
2592,francisco quico canseco,
2593,media matters,mmfa
2594,shaun donovan,Shaun_Don66
2595,chris kapanga,
2596,david watts,
2597,ian bremmer,ianbremmer
2598,dave obey,
2599,tom petri,tcpetri
2600,james crowley,TherealJCrowley
2601,lynn howe,
2602,new jersey assembly democrats,
2603,kathie glass,KathieGlass4Tx
2604,florida students concealed carry,
2605,wisconsin sierra club,
2606,marc lamont hill,marclamonthill
2607,raw story,RawStory
2608,lgbt progress,LGBTProgress
2609,michael tyler,MichaelTyler93
2610,wisconsin transportation builders association,WIRoadbuilders
2611,lawrence summers,
2612,shirley anderson,shirlsy
2613,susan yoshihara,susan_yoshihara
2614,jason kander,JasonKander
2615,tina rosenberg,tirosenberg
2616,john albers,johnalbers
2617,richard clarke,
2618,peter nehr,reppeternehr
2619,janet adkins,
2620,texas petition,
2621,sara stevenson,ssteven2
2622,oregon league conservation voters,
2623,john axford,JohnAxford
2624,pete sessions,PeteSessions
2625,citizens against rail taxes,
2626,put alaska first pac,PutAlaskaFirst
2627,Yes on 79,
2628,carl hosticka,chosticka
2629,john lee,
2630,tony perkins,TPerkShow
2631,scot ross,rossacrosswi
2632,ted ferrioli,tedferrioli
2633,shemia fagan,
2634,daniel webster,RepWebster
2635,heidi group,
2636,massachusetts legislature,
2637,zack space,ZackSpaceOhio
2638,joseph trillo,
2639,mika brzezinski,morningmika
2640,melissa johnson,
2641,john dennis,Johndliu
2642,john matson,johnnymatson
2643,bob casey,
2644,credo action,
2645,william obrien,
2646,freedom partners,FreedomPartners
2647,sloan roach,sdroach
2648,free market florida,
2649,crime victims united oregon,
2650,melanie crozier,melcrozier
2651,glee,GLEEonFOX
2652,florida education association,
2653,joe zepecki,JoeZepecki
2654,new georgia encyclopedia,
2655,joe theismann,Theismann7
2656,jack murphy,JackMurphy219
2657,emma darnell,
2658,kim thatcher,KimThatcherGOP
2659,atlanta mayor kasim reeds office,
2660,gerald mccormick,GeraldMcCormick
2661,marshall faulk,marshallfaulk
2662,paul levesque,
2663,nj can,
2664,ryan downton,Newfino
2665,steve santarsiero,SenSantarsiero
2666,joe leibham,JoeLeibham
2667,national federation blind,
2668,jill vogel,JillHVogel
2669,brian birdwell,
2670,american federation children,
2671,gerald daugherty,TeamDaugherty
2672,rob eissler,RobEissler
2673,jim greer,jwgreer3
2674,steve kagen,stevekagen
2675,american international group,
2676,ben cannon,
2677,yes 82 and 83 campaign,
2678,planned parenthood pac,
2679,jonathan harris,J_Harris_29
2680,calvine rollins,ladycefus
2681,james roosevelt,
2682,tim mcginty,jprov716
2683,ameripac,AmeriPACorg
2684,bob seger,BobSeger
2685,antonin scalia,
2686,choose new jersey,ChooseNJ
2687,bike austin,
2688,john fredericks,
2689,val demings,
2690,providence city council,
2691,iowans some semblance christian decency,
2692,cocks not glocks,CocksNotGlocks
2693,austinites geographic representation,
2694,genevieve wood,genevievewood
2695,daily mail,MailOnline
2696,protect oregon driver licenses,
2697,creative advocacy network,
2698,helio melo,
2699,warren chisum,chisum_warren
2700,j xavier,
2701,concerned taxpayers america,
2702,evan goyke,RepGoyke
2703,david rible,
2704,russ fulcher,RussFulcher
2705,chris carpenter,ChrisCarp06
2706,scott hochberg,scotthoch
2707,texans reliable power,
2708,michael mule,MichaelMule
2709,yolanda adrean,yadrean
2710,yg action fund,YGActionFund
2711,maria teresa kumar,
2712,sensible transportation solutions austin pac,
2713,bill bradbury,billbradbury
2714,paul summers,summers400
2715,abel collins,be1Collins
2716,Ballesteros,
2717,david boies,dajobo
2718,beatrice lanzi,Beatrice_Lanzi
2719,nevada state democratic party,
2720,morgan griffith,RepMGriffith
2721,metropolitan north georgia water planning district,
2722,democratic party georgia georgia,
2723,brian moran,
2724,jack ohman,JACKOHMAN
2725,e frank stephenson,
2726,alexander snitker,AlexSnitker
2727,matt tighe,
2728,occupied wall street journal,
2729,joseph andriole,JoeBruins19
2730,rick mcallister,rickmcallister1
2731,mike plant,MPlantTDR
2732,miami dade county,
2733,john scocos,
2734,dan fanelli,ElectDan2010
2735,us dairy export council,
2736,jerome corsi,
2737,jason brodeur,jasonbrodeur
2738,stephen king,StephenKing
2739,mark hinkle,
2740,broward county medical association,
2741,kathleen sullivan,kathleennewsie
2742,phil kent,PhilKentAtl
2743,annies list,
2744,republican state leadership committee,RSLC
2745,ramey ko,
2746,mike huebsch,mdhws
2747,gonzalo barrientos,GonBarrientosA
2748,john watson,
2749,barbara ann radnofsky,
2750,aziz ansari,azizansari
2751,larry ashley,
2752,league women voters florida,
2753,graeme zielinski,gjzielinski
2754,doug otto,otto_doug
2755,candy crowley,CandyCrowley
2756,russ carnahan,russcarnahan
2757,henry kissinger,
2758,bryan fischer,BryanJFischer
2759,now or never pac,NowOrNeverPAC
2760,tim finchem,Not_TimFinchem
2761,florida consumer action network,
2762,sharlene leurig,sleurig
2763,allen buckley,
2764,jan patterson,
2765,martina navratilova,Martina
2766,livable damascus,
2767,dan coats,
2768,rick north,
2769,leon young,99LeLee
2770,fighting ohio pac,
2771,la raza,larazachicago
2772,dolores gresham,
2773,concernedcitizen4u,
2774,stu burguiere,WorldOfStu
2775,joy reid,JoyAnnReid
2776,joseph henchman,
2777,eugene robinson,Eugene_Robinson
2778,curtis foltz,homegrown_foltz
2779,john g edwards,oneat1
2780,vicki saporta,
2781,nicholas scutari,
2782,jimmy massie,countryboy75
2783,douglas holtz eakin,
2784,charles chuck spahos,
2785,charles perry,TheCharlesPerry
2786,friends greenlight,
2787,austin independent school district,
2788,jim patterson,JimPatterson559
2789,jana duty,
2790,janet mitchell,
2791,kevin cameron,
2792,georgia green party,
2793,richard swett,rnswett
2794,rashad taylor,rashadjtaylor
2795,matt wingard,
2796,richard lugar,
2797,common cause,CommonCause
2798,robert kando,robertkando
2799,broward democratic executive committee,
2800,our democracy 2020,
2801,save flexible spending plans,
2802,alliance defending freedom,
2803,denise grimsley,denisegrimsley
2804,sal albanese,SalAlbaneseNYC
2805,raymond gallison,aepasstdirector
2806,ban the box ri,
2807,arnold schwarzenegger,
2808,kendall jones,beerblog
2809,house natural resources committee republicans,
2810,mark critz,realMarkCritz
2811,thurbert baker,ThurbertBaker
2812,tim echols,timechols
2813,jonathan karl,jonkarl
2814,tim curtis,
2815,gun free ut gun free ut,
2816,peter nightingale,Peter_Night
2817,george nee,george_nee
2818,ken tanner,KenWestHam
2819,portlanders water reform,
2820,roberto alonzo,cfa10roberto
2821,mahlon mitchell,MahlonMitchell
2822,david sewell,
2823,bill flores,
2824,american civil liberties union,
2825,frank niceley,
2826,david madland,DavidMadland
2827,liz carter,withoutdoing
2828,judson phillips,judsonphillips
2829,courtney combs,cococombs11
2830,nancy ann deparle,
2831,debbie riddle,DeeVfl
2832,anthony rendon,Rendon63rd
2833,leon panetta,
2834,friends democracy,
2835,betty mccollum,
2836,tax foundation,taxfoundation
2837,gordon robertson,CBNGordon
2838,rick green,VTConfidential
2839,julian bond,
2840,zephyr teachout,ZephyrTeachout
2841,bill zedler,Bill_Zedler
2842,impact america,
2843,americans prosperity north carolina chapter,
2844,wisconsin education association council,
2845,doctors healthy georgia,
2846,ron hayduk,RonHayduk
2847,rainbowpush coalition,
2848,arizona house democrats,AZHouseDems
2849,fair districts florida,
2850,ej finocchio,
2851,antonio sabato jr,
2852,american unity pac,AmerUnityPAC
2853,dave hansen,DigLibCopyright
2854,ben rhodes,brhodes
2855,eric turner,EricTurner
2856,peter orszag,porszag
2857,florida first project,
2858,maxey scherr,MaxeyforTexas
2859,pew environment group,
2860,tennessee republican party,
2861,lynn derbyshire,LynnDerbyshire
2862,regina benjamin,reginabenjamin
2863,billhislamcom,
2864,david plouffe,davidplouffe
2865,phil roe,
2866,richard licht,
2867,katty kay,KattyKay_
2868,james aubin,
2869,thomas ratliff,RatliffT
2870,mother jones,MotherJones
2871,al cardenas,AlCardenasFL_DC
2872,warren buffett,WarrenBuffett
2873,ken hodges,Ken_Hodges15
2874,citizens republic,
2875,christine gilbert,
2876,morgan carroll,MorganLCarroll
2877,heineken,Heineken
2878,don pridemore,
2879,jeff clemens,jclemy
2880,scott lingamfelter,ScottForVA
2881,clay dafoe,claydafoeaustin
2882,conservative daily post,
2883,kevin rader,KevinWTHR
2884,ernest moniz,ErnestMoniz
2885,judith zaffirini,JudithZaffirini
2886,dominic chavez,dchavezzz_
2887,evan longoria,Evan3Longoria
2888,dino baccari,BaccariDino
2889,ezekiel emanuel,
2890,health first wisconsin,
2891,stop 57 campaign,
2892,americans commonsense solutions,
2893,bill janis,BillJanis
2894,drew brees,drewbrees
2895,thad altman,RepThadAltman
2896,kip kendrick,Kip_Kendrick
2897,jennie lou leeder,JennieLouLeeder
2898,amardeep kaleka,
2899,jalen ross,Jrooo11
2900,jim marston,JimMarston
2901,alan krueger,
2902,cato institute,CatoInstitute
2903,debra lehrmann,JusticeLehrmann
2904,pam davidson,PamDavEd
2905,dennis ross,
2906,libertarian party texas,
2907,christine whitman,Christiinneeyy
2908,john rafferty,jrafferty
2909,richard tomlins,RichTomlins
2910,alan powell,alanpowell10
2911,stand children tennessee,
2912,sean patrick maloney,RepSeanMaloney
2913,mike berlon,mikeberlon
2914,chris sgro,cristoferosgro
2915,marijuana policy project,MarijuanaPolicy
2916,mamie locke,SenatorLocke
2917,drew springer,DrewSpringer
2918,steven costantino,Steve_cost32
2919,russell pearce,RussellPearceAZ
2920,ian prior,ianprior90
2921,friends india point park,
2922,carole smith,SynNeoMarketing
2923,H204TEXAS PAC,
2924,brett bittner,brettbittner
2925,mike bennett,
2926,james carr,
2927,safe routes schools,
2928,conservative renewal pac,
2929,wolf blitzer,wolfblitzer
2930,cenk uygur,cenkuygur
2931,mark emmert,
2932,americans prosperity new jersey,
2933,shelly moore,
2934,frank fahrenkopf,
2935,mike wise,MikeWiseguy
2936,todd wilcox,toddwilcox24
2937,ohio public defenders office,
2938,dan forest,DanForestNC
2939,carolyn tomei,
2940,george lavender,GeorgeLavender
2941,its still bad idea,
2942,david hallock,dhhallock
2943,job itkzkowitz,
2944,robert watson,
2945,independent voice illinois pac,
2946,scott suder,suder13
2947,enterprise florida,EnterpriseFL
2948,motion picture association america,
2949,milly silva,MillySilva
2950,jeff scrima,jscrima
2951,john birch society,The_JBS
2952,jon bramnick,JonBramnick
2953,anna kooiman,annakooiman
2954,virginia center public safety,
2955,clean water portland,OCSDW
2956,gen peter chiarelli,
2957,jeff mullis,1_v_1ME
2958,association mature american citizens,
2959,dave claunch,DaveClaunch
2960,mike cernovich,Cernovich
2961,richard paglia,
2962,john murtha,
2963,lisa tomasso,Lisa_Tomasso
2964,stephen laffey,stephenlaffey
2965,sid covington,SidCovington
2966,city austin,
2967,national federation independent business wiscons,
2968,edd houck,eddhouck
2969,anastasia williams,ARoyalOne
2970,thomas melsheimer,TomMelsheimer
2971,Rhode_Island_Catholic,
2972,childrens healthcare atlanta,
2973,delia lopez,
2974,political insider,
2975,charles krauthammer,krauthammer
2976,troy fraser,
2977,james oneil,JamesEONeil2
2978,adrian garcia,AdrianGarciaHTX
2979,tyrone brooks,tbrooksBIN
2980,david wyss,
2981,gwyneth paltrow,GwynethPaltrow
2982,stephen ucci,stephen_ucci
2983,peter lavelle,PLCROSSTALK
2984,edwin pacheco,
2985,dan sebring,SebringDan
2986,unicef,UNICEF
2987,campaign primary accountability,
2988,erin lynch,ErinALynch
2989,conservative voters texas pac,
2990,deborah gist,deborahgist
2991,kathleen angelucci,Cobbedutweet
2992,juda engelmayer,judae
2993,mario gallegos,MarioGallegosHF
2994,bob,bobsaget
2995,dan pfeiffer,danpfeiffer
2996,kurt schuller,schuller53rd
2997,miguel diaz de la portilla,
2998,brian wilson,BrianWilsonLive
2999,Local 799 international assoc fire fighters,
3000,doug ainge,dougainge
3001,anonymous flier,
3002,georgia democrats,
3003,warren kampf,KampfWarren
3004,thaddeus mccotter,ThadMcCotter
3005,yes 55,
3006,julian assange,
3007,ed macdougall,
3008,peter courtney,
3009,mike ford,Mike7Ford
3010,ron meyer,Ron4VA
3011,viral media reports,
3012,john taylor 2,
3013,bob terry,
3014,rebecca quigley,RQuig3605
3015,ann marie buerkle,AMBCPSC
3016,vietnam veterans against john mccain,
3017,piers morgan,piersmorgan
3018,keisha lance bottoms,KeishaBottoms
3019,susan cole,
3020,dennis hastert,SpeakerHastert
3021,michael adams,MickeyAdamsGM
3022,kriner cash,
3023,espn,espn
3024,metro,MetroUK
3025,paul wolfowitz,
3026,rick scotts starbucks heckler,
3027,hank huckaby,
3028,oregon catalyst,oregoncatalyst
3029,larry yarborough,
3030,colorado health institute,COHealthInst
3031,brian deese,DeeseOMB
3032,dbanj,
3033,rene garcia,
3034,americans safe access,
3035,new jersey state afl cio,
3036,spencer bachus,BachusAL06
3037,talgo inc,
3038,representus,representus
3039,barney bishop,Barney_Bishop
3040,greg morris,juicedageneral
3041,teresa fedor,teresa_fedor
3042,bill jackson,
3043,eric fehrnstrom,EricFehrn
3044,michael needham,MikeNeedham
3045,texas federation republican women,
3046,lisa hamler fugitt,LisaHF1
3047,chuck riley,
3048,meals wheels rhode island,
3049,karen huber,karenohuber
3050,grover fugate,
3051,john nygren,rep89
3052,ron bergeron,
3053,eve schatelowitz alcantar,
3054,salmon all,
3055,anonymous cyber squatter,
3056,city beaverton,
3057,georgia politicians,
3058,barry bone,
3059,voters first ohio,votersfirstohio
3060,alicia menendez,AliciaMenendez
3061,paul saldana,psaldana52
3062,russ girling,breeanabessi
3063,mike mccabe,
3064,oxfam america,OxfamAmerica
3065,charles ramsey,
3066,joee lindbeck,lindbeck24
3067,john faulk,john__faulk
3068,generation forward pac,
3069,david prosser,David_Prosser
3070,jonathan turley,JonathanTurley
3071,oregon department agriculture,
3072,jason haas,jhaas
3073,phil burress,
3074,georgia house democratic caucus behalf elena paren,
3075,mark belling,MarkBellingShow
3076,campaign money watch,cmoneywatch
3077,mark harris,MarkHarrisNC9
3078,karen sage,
3079,your choice colorado,YourChoiceCO
3080,matt wuerker,wuerker
3081,wisconsin working families party,
3082,james quintero,JamesQuinteroTX
3083,paul hipp,paulhipp
3084,todd young,ToddYoungIN
3085,suzanne somers,SuzanneSomers
3086,ann lininger,annlininger
3087,tom grady,
3088,marish agana,
3089,kevin russell,
3090,family foundation,
3091,ellen qualls,QuallsComm
3092,bob cole,
3093,j jacobs,
3094,tom wolf,TomWolfPA
3095,stephen simpson,Stevoo7
3096,alan bates,
3097,phyllis schlafly,PhyllisSchlafly
3098,jack markell,
3099,john mccallum,HonJohnMcCallum
3100,clarence thomas,
3101,hugh fitzsimons,HughAFitzsimons
3102,menendez facts,MenendezFacts
3103,mackubin thomas owens,
3104,andy berke,AndyBerke
3105,steve henson,SteveHenson
3106,margaret carlson,carlsonmargaret
3107,john barrow,
3108,mark sharpe,MarkSharpe39kFT
3109,philadelphia daily news,
3110,consumers smart solar,
3111,peter roskam,PeterRoskam
3112,george packer,
3113,ohio coal association,
3114,joseph chiusolo,josephchiusolo
3115,ken lanci,KenALanci
3116,james durkan,jdurkan91
3117,william devereaux,
3118,joe pennacchio,
3119,occupy wall street,OccupyWallStNYC
3120,jonathan boucher,jonbouch
3121,h marlene otoole,
3122,bill burton,billburton
3123,edward snowden,Snowden
3124,nikema williams,
3125,rick allen,rickallenlive
3126,coalition save memorial hospital birthing center p,
3127,jane norton,JaneKitbag
3128,mark assini,markassini
3129,ted lyon,
3130,arian foster,
3131,keith ellison,keithellison
3132,andre jacque,
3133,michael solomon,Mister_Solomon
3134,russia today,
3135,ted yoho,RepTedYoho
3136,true vote,
3137,james jolly,jamesjolly
3138,nancy gordeuk,principalracist
3139,lisa moore,
3140,ron book,
3141,jeff amason,AmasonJeff
3142,mason tvert,MasonTvert
3143,jessica ehrlich,JessEhrlich
3144,joseph fernandez,JoeFernz
3145,matt patten,IowaMatt72
3146,georgians bernie sanders president,
3147,florida police benevolent association,
3148,tom mccarey,tommccarey
3149,gary george,
3150,doug holder,
3151,jason villalba,JasonVillalba
3152,organizing action,
3153,chris cummiskey,chrispatc
3154,jennifer williamson,Jennifer_for_OR
3155,young gifted and black coalition,
3156,patrick rose,
3157,diane ravitch,DianeRavitch
3158,michael oneill,
3159,patriot majority pac,
3160,friends miami first,
3161,jean casarez,JeanCasarezCNN
3162,sonny perdue,
3163,patty judge,pattyforiowa
3164,jeff weaver,
3165,keep austin healthy pac,
3166,michael m crow,
3167,cover oregon,
3168,friends plum beach lighthouse,
3169,h ford gravitt,
3170,new boston republican committee,NBRCORG
3171,jackie dingfelder,jdpdx1
3172,kirsten powers,KirstenPowers
3173,mike hashimoto,MikeHashimoto
3174,tim moore,
3175,john kennedy,SenJohnKennedy
3176,jimmie t smith,
3177,sander levin,
3178,cynthia meyer,cynthiameyer_FF
3179,kyle williams,KyleWilliams_10
3180,fresh start pa,
3181,ron christie,Ron_Christie
3182,childrens defense fund texas,
3183,americans strong defense,
3184,marie ghazal,marielghazal
3185,usain bolt,
3186,Jack_Graham,
3187,jeff bridges,TheJeffBridges
3188,freedom pac,
3189,charles kuck,ckuck
3190,americanpoliticnews,
3191,yes 8,
3192,larry oconnor,
3193,kanye west,
3194,john hutson,johnhutson
3195,clayton county schools,CCPSArtsLife
3196,larry gause,
3197,virginia interfaith center public policy,
3198,brian stelter,brianstelter
3199,bob king,BKingDC
3200,tammy hall,
3201,bill fischer,
3202,kimberly nelson,
3203,michael skolnik,MichaelSkolnik
3204,martin shkreli,
3205,florida news flash,FLNewsFlash
3206,jeremy kapstein,JeremyKapstein
3207,clackamas county democrats,
3208,peggy lehner,peggylehner
3209,ginny burdick,
3210,ted jackson,
3211,commonwealth institute,
3212,todd starnes,
3213,kendra yarbrough camarena,
3214,michael rosen,MichaelRosenYes
3215,wayne smith,VaultWayne
3216,robert uithoven,ruithoven
3217,tere mccann,teremccann
3218,david mellon,
3219,bryan kennedy,xbryanx
3220,russell edwards,
3221,ralph long,
3222,r2rmerge,
3223,samuel demaio,AccuproRoofing
3224,future45,
3225,limberbutt mccubbins,Limberbutt2016
3226,police chief billy grogan,
3227,joseph yost,
3228,bill clegg,
3229,jay roberts,
3230,deirdre imus,TheGreenDirt
3231,jersey central power light,
3232,oregon pta,oregonpta
3233,allie mccullen,alliemccullen
3234,cat pac,
3235,talmadge heflin,TalmadgeHeflin
3236,ben ferguson,benfergusonshow
3237,stephen carter,carter_AB
3238,ohio alliance retired americans,
3239,phil berger,
3240,matt mcgrath,MattMcGrathBBC
3241,russell brand,rustyrockets
3242,martha robertson,MarthaRDryden
3243,ash williams,ashwilliams1
3244,jeff duncan,
3245,political line,
3246,shaun ireland,Ireland1836
3247,joe davis sr,
3248,albert papp jr,
3249,jack keane,gen_jackkeane
3250,james cenerini,
3251,scott mccown,CScottMcCown
3252,diane mckeel,dianemckeel
3253,raging elephants,
3254,bill ratliff,billrat365
3255,steve cannon,SteveCannonCEO
3256,steve phelps,stevephelps
3257,katie pavlich,KatiePavlich
3258,tom pauken,TomPauken
3259,foundation floridas future,
3260,pari sabety,PSabety
3261,john yarmuth,
3262,baby got pac,BabyGotPac
3263,13th district gop slate,
3264,liberty counsel,libertycounsel
3265,matt mccall,CoachMattMcCall
3266,georgia campaign liberty,
3267,patrick wales,pjwd_
3268,kevin bloye,
3269,mark omara,
3270,peoples majority,
3271,ron hood,
3272,allan ritter,RepAllanRitter
3273,david cullen,
3274,senate democrats,SenateDems
3275,christine radogno,Christineradog1
3276,frank keating,
3277,rick hardcastle,SteelString
3278,pat buchanan,
3279,gail buckner,
3280,daniel lipinski,
3281,alan essig,AlanEssig
3282,gary kelly,gary_kelly
3283,vincent prieto,
3284,bill mcraven,billmcraven
3285,rebecca blank,
3286,john whitmire,whitmire_john
3287,steve deace,SteveDeaceShow
3288,john stossel,JohnStossel
3289,michael cerullo,
3290,maureen dowd,maureendowd
3291,chris chocola,ChrisChocola
3292,joshua henne,
3293,joel kleefisch,KleefischJoel
3294,valarie wilson,ValForEducation
3295,hank williams jr,
3296,bob kincaid,
3297,vicki mckenna,VickiMcKenna
3298,francis kungu,franciskungu73
3299,daniel senor,
3300,florida wildlife federation,
3301,john sherman,
3302,nancy nusbaum,go4justice
3303,julie parrish,hotcouponmama
3304,mike mcfadden,MUTGuru
3305,bob latta,
3306,thomas lindsay,
3307,brad rockwell,BradRockwell808
3308,tomorrows vision florida,
3309,sal esquivel,