,speaker,twitter_handle,followers
0,dwayne bohac,dwayne_bohac,2124
1,scott surovell,ssurovell,5969
2,barack obama,BarackObama,106128237
3,charlie crist,CharlieCrist,32236
4,oregon lottery,oregon_lottery,3539
5,duey stroebel,SenStroebel,1400
6,robert menendez,SenatorMenendez ‏,160365
7,bernie s,SenSanders,8332897
8,mitt romney,MittRomney,1976486
9,doonesbury,DoonesburyComic,2550
10,george will,GeorgeWillRSS,6954
11,gwen moore,RepGwenMoore ‏,36526
12,jack lew,repjohnlewis ‏,1059593
13,eric bolling,ericbolling,1100191
14,hillary clinton,HillaryClinton,24512161
15,nancy pelosi,SpeakerPelosi,2518224
16,ted nugent,TedNugent,361145
17,pamela geller,PamelaGeller,200539
18,peter kinder,PeterKinder,10262
19,nicholas kettle,nickkettle21,295
20,shelley moore capito,SenCapito,66573
21,rick scott,SenRickScott,249740
22,tom cotton,SenTomCotton,148220
23,ted cruz,tedcruz,3328438
24,lee leffingwell,TheRealLeeVIP,404
25,kelly ayotte,KellyAyotte,64111
26,marco rubio,marcorubio,3889012
27,rachel maddow,maddow,9618056
28,jerry patterson,Patterson4TX,4725
29,john boehner,SpeakerBoehner,1402319
30,katrina pierson,KatrinaPierson,466453
31,rick perry,GovernorPerry,354084
32,ken cuccinelli,KenCuccinelli,22615
33,andrew cuomo,NYGovCuomo,853075
34,sid miller,MillerForTexas,6873
35,jim barksdale,jimbarksdale,961
36,david raynor,crddraynor,411
37,donald trump,realDonaldTrump,60223138
38,john mccain,SenJohnMcCain,3144690
39,michelle obama,MichelleObama,12567952
40,rudy giuliani,RudyGiuliani,307500
41,john barrasso,barrassoforwyo ‏,351
42,empower texans,EmpowerTexans,12581
43,john depetro,JohnDePetroshow,8775
44,garnet coleman,GFColeman,8153
45,michael opitz,MichaelOpitz,1159
46,terry mcauliffe,TerryMcAuliffe,66544
47,alfredo gutierrez,AlfredoPhxAZ,3509
48,david cote,DavidCote,8910
49,elena kagan,KaganScotus,1866
50,texas veterans commission,TexasVeterans,6438
51,jeanne shaheen,JeanneShaheen,15575
52,susan happ,Happ4WI,968
53,karl rove,KarlRove,667849
54,gwen graham,GwenGraham,27264
55,bill white,whitebil,2615
56,bob goodlatte,RepGoodlatte,134516
57,cory booker,CoryBooker,4247552
58,joe biden,JoeBiden,3563856
59,jim skaggs,SPANKYSPL,75
60,ralph hudgens,ralphhudgens,908
61,robert sarvis,RobertSarvisVA,2226
62,will weatherford,willweatherford,21393
63,mark shields,Mark__Shields,1927
64,mitch mcconnell,senatemajldr ‏,873409
65,frank caprio,fcaprio2,562
66,david scott,repdavidscott,20611
67,scott walker,ScottWalker,281917
68,ron johnson,SenRonJohnson ‏,105641
69,donna brazile,donnabrazile,653399
70,paul ryan,SpeakerRyan,3643591
71,adam hasner,AdamHasner,5502
72,mark pocan,repmarkpocan ‏,86156
73,kathleen sebelius,Sebelius,2985
74,bruce elfant,BElfant01,1
75,dave yost,Yost4Ohio,5761
76,joe scarborough,JoeNBC,2543924
77,texas house democratic caucus,TexasHDC,3641
78,david jolly,DavidJollyFL,92587
79,jon keyser,Jon_Keyser,938
80,sean hannity,seanhannity,4082590
81,rush limbaugh,rushlimbaugh,597843
82,john robitaille,John_Robitaille,2664
83,patricia morgan,repmorgan ‏,3029
84,dave brat,DaveBratVA7th,16307
85,mark warner,MarkWarner,444660
86,rob portman,robportman,20301
87,john cornyn,JohnCornyn ‏,201704
88,louie gohmert,replouiegohmert,208943
89,armond budish,ArmondBudish,1846
90,jeff kruse,JeffKruse303,24
91,mike haridopolos,MikeHaridopolos,6068
92,kendrick meek,KendrickMeek,6648
93,eric cantor,EricCantor,278792
94,ron paul,RonPaul,641624
95,nancy pfotenhauer,NPfotenhauer,131
96,stephen sweeney,StephenSweens10,431
97,sheldon whitehouse,SenWhitehouse,320991
98,pat quinn,PQuinnfortheWin,2594
99,matthew dowd,matthewjdowd,138445
100,darrell issa,DarrellIssa,298926
101,chris christie,ChrisChristie,134635
102,robert jacquard,RobertJacquard,63
103,dream defenders,Dreamdefenders,66827
104,greg abbott,GregAbbott_TX,247445
105,david cicilline,davidcicilline,83681
106,wendy davis,wendydavis,195955
107,marcy kaptur,RepMarcyKaptur,19760
108,tamara holder,tamaraholder,19213
109,mike murphy,mcwm,18173
110,lamar smith,LamarSmithTX21,27054
111,bill johnson,RepBillJohnson,35972
112,eric hovde,EricHovde,2241
113,john skvarla,JohnSkvarla,81
114,daniel mielke,DanielDMielke,24
115,ben carson,SecretaryCarson,277252
116,raymond bateman,RaymondBatema10,0
117,mark neumann,MarkNeumannnn,1173
118,sarah palin,SarahPalinUSA,1512095
119,rana foroohar,RanaForoohar,18309
120,tom niehaus,CasaDiPace,150
121,sherrod brown,SenSherrodBrown,369742
122,john kasich,JohnKasich,946770
123,robby mook,RobbyMook,82808
124,lindsey graham,LindseyGrahamSC,854207
125,mark strama,markstrama,1776
126,fix austin schools,FixAustinSchool,24
127,steven teske,scteskelaw,2364
128,kesha rogers,KeshaRogersTX,465
129,james bennett,James_L_Bennett,2856
130,jeff merkley,JeffMerkley,103510
131,dick cheney,KenadiTaylor,599
132,michael moore,MMFlint,6039059
133,bill richardson,WBRichardson,720
134,paul sarlo,PaulASarlo,3012
135,connie mack,ConnieMackIV,22060
136,allen west,AllenWest,753588
137,evan feinberg,evanfeinberg,1968
138,moveon,MoveOn,340945
139,lou dobbs,LouDobbs,1933849
140,trent franks,TrentFranksNews,142
141,kim guadagno,KimGuadagnoNJ,11427
142,ted strickland,Ted_Strickland,16261
143,christine sinicki,sinicki328,40
144,michele bachmann,MicheleBachmann,250996
145,dan patrick,DanPatrick,52848
146,jeb bush,JebBush,1419822
147,newt gingrich,newtgingrich,2117403
148,tom barrett,Barrett4MKE,13357
149,chris thomas,ctkmusic,854
150,joyce kaufman,joyceonair,3938
151,christopher plante,Chris91UconnBoY,101
152,gerry connolly,GerryConnolly,47424
153,dave weldon,Davweldon,360
154,john garamendi,RepGaramendi,27886
155,peter kilmartin,PeterFKilmartin,482
156,david dewhurst,DavidHDewhurst,12641
157,joshua feuerstein,TheEvangel1st,19
158,bill belichick,BelichickFDN,3896
159,josh mandel,JoshMandelOhio,14708
160,bill clinton,BillClinton,11083996
161,chip rogers,chiprogers,387
162,chris hayes,chrislhayes,1853892
163,progress texas,ProgressTX,10846
164,bill foster,RepBillFoster,40639
165,ken legler,KenLegler,2371
166,bob mcdonnell,BobMcDonnell,29567
167,dwight jones,DwightJones21,785
168,rick santorum,RickSantorum,289614
169,chris wallace,ChrisWallace101,29801
170,lloyd doggett,RepLloydDoggett,32736
171,cory mason,MayorCoryMason,3966
172,dan kaufman,dankaufman70,1148
173,larry elder,larryelder,527396
174,dale kooyenga,DaleKooyenga,6181
175,dan gelber,MayorDanGelber,1459
176,mary nolan,marybnolan,1826
177,michelle rhee,MichelleRhee,76655
178,joe gibbons,JoeGibbonsEEA,2111
179,steve rothman,steve02476,148
180,mary margaret oliver,mmo_mary,3238
181,herb garrett,cook_n_good,8
182,peter shumlin,GovPeterShumlin,21118
183,karen handel,karenhandel,17875
184,adam kinzinger,RepKinzinger,49621
185,donna howard,DonnaHowardTX,15661
186,john bradley,johnbradleywest,116256
187,glenn grothman,GrothmanforWI,1367
188,we are ohio,We_Are_Ohio,4634
189,arianna huffington,ariannahuff,2962196
190,joe lieberman,JoeLieberman,31767
191,jon erpenbach,JonErpenbach,6372
192,john kerry,JohnKerry,3355137
193,kathleen vinehout,VinehoutK,3637
194,michael burgess,michaelcburgess,28122
195,ralph nader,RalphNader,77331
196,leticia van de putte,leticiavdp,30697
197,craig melvin,craigmelvin,69987
198,john plumb,JohnFPlumb,605
199,judicial watch,JudicialWatch,1094885
200,tom price,pricetom,9698
201,sondy pope,RepSondy,1751
202,carlos curbelo,carloslcurbelo,22029
203,claudia tenney,claudiatenney,7930
204,loretta weinberg,SenatorLorettaW,8163
205,todd hunter,toddahunter,5819
206,tim knopp,SenatorKnopp,1718
207,sandy adams,pastor_sandy,1427
208,brett hulsey,hulsey07,94
209,reince priebus,Reince,937309
210,victoria taft,VictoriaTaft,6254
211,rahm emanuel,RahmEmanuel,128826
212,frank annunziato,cheech870000,8
213,michael steele,MichaelSteele,112401
214,claire mccaskill,clairecmc,449171
215,60 plus association,60PlusAssoc,5456
216,chris abele,ChrisAbeleMKE,5566
217,michael doherty,profmdoherty,1942
218,ellen rosenblum,ORDOJ,3878
219,john kline,repjohnkline,8607
220,american crossroads,AmericanXRoads,9782
221,tim kaine,timkaine,989301
222,debbie wasserman schultz,DWStweets,366971
223,jeff morales,jeffmorales,662
224,virginia education association,VEA4Kids,2128
225,jimmy carter,CarterLibrary,55120
226,jeff dickerson,DickersonESPN,94281
227,chris jacobs,ChrisJacobs,66609
228,phil kerpen,kerpen,36502
229,joanne kloppenburg,joanne8553,0
230,paul krugman,paulkrugman,4525830
231,mike pence,mike_pence,3799267
232,kay bailey hutchison,kaybaileyhutch,23384
233,rob zerban,robzerban,5127
234,jackie cilley,jackielcilley,1121
235,arsalan iftikhar,TheMuslimGuy,60680
236,marc schare,marcschare,343
237,john kitzhaber,GovKitz,17226
238,katie mcginty,kate_mcginty,388
239,adam putnam,adamputnam,30685
240,virginia foxx,virginiafoxx,24108
241,clay pell,ClayPell,3347
242,bill proctor,billproctor314,605
243,kevin dewine,KevinDeWine,4022
244,erik wallin,dr_blackheart,174
245,kasim reed,KasimReed,419676
246,alberta darling,SenDarling,5150
247,cory gardner,SenCoryGardner,116300
248,priorities usa action,Mills_Gro6,15
249,ed gillespie,EdWGillespie,41452
250,tommy thompson,tomthom11,5862
251,mike lee,SenMikeLee,498916
252,david axelrod,davidaxelrod,1135710
253,paul broun,PaulBrounMD,12047
254,matthew hill,matthewhillbbc,496
255,lisa boothe,LisaMarieBoothe,196869
256,jeff greene,JeffGreeneUNC,666
257,jamie radtke,jamieradtke,3886
258,sylvester turner,SylvesterTurner,86163
259,chris redfern,ChrisRedfern419,6506
260,kathleen falk,FalkforWI,890
261,steve lonegan,Lonegan,7812
262,anissa naouai,AnissaNow,25392
263,sean duffy,RepSeanDuffy,38763
264,angel taveras,Angel_Taveras,10653
265,mike rogers,RepMikeRogersAL,24824
266,bill nelson,NelsonForSenate,14586
267,lincoln chafee,LincolnChafee,19157
268,kathleen clyde,KathleenClyde,10531
269,richard ferruccio,Dick_Nixon5813,2
270,terry lawler,tlawler,853
271,ray mcberry,RayMcBerry,469
272,gene sperling,genebsperling,22888
273,cokie roberts,CokieRoberts,14176
274,barbara boxer,BarbaraBoxer,120818
275,randy forbes,Randy_Forbes,19927
276,joaquin castro,JoaquinCastrotx,152755
277,markos moulitsas,markos,177107
278,brigid shea,CommishShea,721
279,carly fiorina,CarlyFiorina,696855
280,ken allen,K_Factionrec,778
281,neera tanden,neeratanden,172514
282,chuck todd,chucktodd,2050873
283,betty sutton,BettySutton,7571
284,keith olbermann,KeithOlbermann,1047074
285,jennette gayer,JennetteGayer,340
286,bill hammond,NYHammond,10081
287,jim renacci,JimRenacci,10485
288,tobias read,TobiasRead,693
289,rob turner,ReynardCity,6024
290,christina romer,ChrisRomer91,184
291,mike dewine,MikeDeWine,17447
292,roy cooper,RoyCooperNC,42468
293,rod monroe,SenatorMonroe,232
294,joel keehn,jkeehn,303
295,jack kingston,JackKingston,18595
296,miriam martinez,miriam__lisset,1035
297,dan micciche,DanforDISD,639
298,wayne thorburn,waynethorburn,5
299,rich zipperer,zipperer_rich,2
300,mark miller,RetireRevised,8286
301,george lemieux,George_LeMieux,9809
302,social media,socialmediaweek,133159
303,susana martinez,Gov_Martinez,18061
304,deborah ross,DeborahRossNC,6406
305,joseph kyrillos,Jmansourk,1
306,barry hinckley,BarryHinckley,2177
307,joe barton,RepJoeBarton,27444
308,peter palumbo,PetiePal,207
309,bettylou decroce,BLDeCroce4NJ,1520
310,carla smith,JLA_President,2644
311,winning our future,WinOurFuture,1900
312,pat mccrory,PatMcCroryNC,45567
313,michael savage,ASavageNation,192246
314,marvin pratt,MarvinPratt22,22
315,sharron angle,SharronAngle,8198
316,david simas,d_simas,13819
317,patrick murphy,PatrickMurphyFL,13040
318,sean spicer,seanspicer,407701
319,helen glover,Helenglovergb,55354
320,lee camp,LeeCamp,103222
321,citizens united political victory fund,cupvf,21
322,fred thompson,fredthompson,144842
323,lainey melnick,lmelnick,1245
324,caleb rowden,calebrowden,6683
325,brian kemp,BrianKempGA,47467
326,leonidas raptakis,senraptakis,66
327,howard dean,GovHowardDean,140376
328,lou ann zelenik,louannzelenik,1215
329,marty beil,johnnystubble,658
330,joe sestak,JoeSestak,9985
331,funny or die,funnyordie,13830227
332,susan stimpson,SusanBStimpson,1171
333,desmond meade,desmondmeade,6205
334,terri lynn land,LandforGovernor,19
335,blake rocap,BlakeRocap,2002
336,tim canova,Tim_Canova,44536
337,kamala harris,KamalaHarris,2647181
338,david shuster,DavidShuster,73627
339,john oliver,iamjohnoliver,5191413
340,ellyn bogdanoff,ellynbogdanoff,2010
341,earl blumenauer,repblumenauer,62503
342,ted poe,JudgeTedPoe,34707
343,bill maher,billmaher,11022735
344,laurence ehrhardt,Lauehr,5
345,dana rohrabacher,DanaRohrabacher,39359
346,jim demint,JimDeMint,217566
347,john lewis,repjohnlewis,1059567
348,gina raimondo,GovRaimondo,68197
349,kitty boitnott,kittyboitnott,875
350,deadspin,Deadspin,1059200
351,nancy devaney,Dev04,252
352,herman cain,THEHermanCain,520491
353,chet edwards,ChetEdwards,436
354,glenn beck,glennbeck,1214283
355,glenn hegar,Glenn_Hegar,6804
356,jon runyan,RepJonRunyan,5895
357,david perdue,sendavidperdue,64315
358,ted gatsas,Gatsas4Mayor,1379
359,charlotte nash,charlotte_nash8,1176
360,ron wyden,RonWyden,443826
361,steve archambault,Arch_Steve,34081
362,tom scott,tomscott,96642
363,tim pawlenty,TimPawlenty,66098
364,rachel oconnor,Rachinthetron,376
365,steve cohen,RepCohen,63490
366,lon burnam,LonBurnam,2124
367,marsha blackburn,VoteMarsha,37715
368,sally kohn,sallykohn,118264
369,grover norquist,GroverNorquist,74697
370,mitch daniels,purduemitch,36018
371,david porter,davidnporter80,236
372,kathleen murphy,kmurphyva,4016
373,dekalb county,ItsInDeKalb,10211
374,steve oelrich,SteveOelrich,743
375,national taxpayers union,NTU,10970
376,michael roberson,RobersonForNV,6421
377,ann mclane kuster,RepAnnieKuster,20668
378,mark hass,MarkHassOregon,2932
379,robin wright,RealRobinWright,150177
380,david ignatius,IgnatiusPost,97576
381,andrea tantaros,AndreaTantaros,477012
382,randi shade,randi61604000,14
383,juan williams,TheJuanWilliams,159499
384,jim webb,JimWebbUSA,26272
385,tom graves,RepTomGraves,20847
386,russ feingold,russfeingold,48262
387,joe garcia,JoeGarcia,3524
388,john obannon,CaptainObywan,44
389,ann coulter,AnnCoulter,2139088
390,jason stanford,jstannymlber61,3694
391,mark schlereth,markschlereth,592199
392,ann kirkpatrick,Ann_Kirkpatrick,10077
393,dana loesch,DLoesch,1078776
394,john king,JohnKingCNN,312149
395,carlos beruff,carlosberuff,2938
396,tom letson,Tom_Letson_LPC,690
397,keith faber,KeithFaber,5155
398,johnny isakson,SenatorIsakson,64784
399,steve poizner,StevePoizner,145182
400,joe defelice,JoeDeFeliceHUD,729
401,ed fallone,EdFallone,245
402,afscme,AFSCME,53443
403,harry alford,HarryAlford3,2412
404,progressohio,ProgressOhio,10706
405,rich golick,SpaceLogger,8
406,kathleen peters,KathleenMPeters,4143
407,kirk cox,SpeakerCox,4125
408,ultraviolet,UltraViolet,32789
409,drug policy alliance,DrugPolicyOrg,88079
410,brian sims,BrianSimsPA,57080
411,jim whelan,BoardwalkHall,7775
412,michael eric dyson,MichaelEDyson,389582
413,charles rangel,cbrangel,28275
414,chris matthews,HardballChris,908082
415,linda koop,LindaKoopTX,3191
416,terry moulton,terrymoulton,571
417,john loud,loud_john,630
418,john edwards,JEdwardsRacing,4624
419,one wisconsin now,onewisconsinnow,14443
420,turning point usa,TPUSA,256932
421,marion hammer,MarionHammer1,133
422,brianna keilar,brikeilarcnn,135328
423,shelley adler,Shelley_Adler,296
424,stephen colbert,StephenAtHome,18469615
425,louise slaughter,louiseslaughter,24311
426,wayne powell,Powellsenateva,2292
427,howard fineman,howardfineman,234526
428,alan simpson,AlanSimpsonNI,16719
429,senate majority pac,MajorityPAC,6105
430,laura ingraham,IngrahamAngle,2721881
431,tim ryan,TimRyan,20126
432,glen sturtevant,GlenSturtevant,2854
433,john lombardi,John3lombardi,330
434,chris murphy,ChrisMurphyCT,767715
435,bruce braley,BruceBraley,13602
436,curtis martin,curtismartin,26089
437,gus bilirakis,RepGusBilirakis,30072
438,nita lowey,NitaLowey,31819
439,catherine hanaway,639802,125
440,joellen smith,MsJoEllenSmith,61
441,elizabeth warren,SenWarren,4998745
442,ben cardin,BenCardinforMD,6046
443,vicki martin,MarineSciComm,798
444,evan bayh,SenEvanBayh,4632
445,jim moran,Jim_Moran,11038
446,bill weimer,Bill_Ymr,0
447,fred karger,fredkarger,3140
448,bill lynch,CoachLynchDPU,2121
449,tom marino,tommarino606,282
450,scott hassett,Easyscott,3
451,roberta lange,rlange9,175
452,america,americaband,9268
453,peter barca,PeterWBarca,7363
454,reid ribble,RepRibble,10429
455,cheryl grossman,cherylrsg,55
456,mark udall,MarkUdall,30323
457,saxby chambliss,SaxbyChambliss,10956
458,doug whitsett,dwitness,5
459,loren collins,LorenCollins,2052
460,paul hirschbiel,phirschbiel,52
461,gilberto hinojosa,HinojosaTX,2714
462,dennis kucinich,Dennis_Kucinich,49164
463,colleen deacon,colleendeacon,86
464,drudge report,DRUDGE_REPORT,1393717
465,stephanie cutter,stefcutter,103963
466,jessica king,jessCNN,4434
467,mike fasano,fasanomike,4231
468,tim cook,tim_cook,11315752
469,andy brown,AndyBrownMusic,167369
470,david dooley,david__dooley,1127
471,david brooks,nytdavidbrooks,187125
472,alex wan,AlexWanforATL,2067
473,steve stockman,Stoxo,2674
474,nan rich,senatornanrich,3286
475,donna campbell,DonnaCampbellTX,9172
476,stephen zappala,zappala2,16
477,brit hume,brithume,1026175
478,kyleen wright,kyleenwright,2491
479,tammy baldwin,tammybaldwin,48675
480,nowthis,nowthisnews,2280606
481,joe pojman,joepojman,1957
482,bill haslam,BillHaslam,143092
483,robert dimuccio,robertdimuccioo,268
484,trimet,trimetalerts,3028
485,josh shapiro,JoshShapiroPA,22929
486,bill mccollum,BillMcCollum,3980
487,alexi giannoulias,Giannoulias,3458
488,joseph testa,josephvtesta,659
489,alfonso lopez,alfonsolopez3,497
490,loranne ausley,LoranneAusley,1714
491,blake farenthold,farenthold,19232
492,tom colicchio,tomcolicchio,929037
493,robert healey,roberthealey,484
494,ed schultz,edshow,190863
495,glenn greenwald,ggreenwald,1034142
496,allen peake,AllenPeake,4676
497,vern buchanan,VernBuchanan ‏,28697
498,amy klobuchar,amyklobuchar,693605
499,george barker,GBarks33,2670
500,rosa delauro,rosadelauro,40868
501,jason carter,jjcforever,32931
502,judson hill,Judsonhill,3108
503,chris gregoire,chris_gregoire,228
504,bill cassidy,BillCassidy,41984
505,jay carney,JayCarney,41705
506,fran millar,Fran_Millar,5868
507,waco tea party,WacoTeaParty,2684
508,gretchen carlson,GretchenCarlson,106327
509,steny hoyer,StenyHoyer,5123
510,fidelis,FidelisCare,38636
511,elliott naishtat,ElliottNaishtat,1837
512,dan lungren,RepDanLungren,692
513,kris jordan,KrisJordan,1719
514,michael thurmond,PreservesOfLife,42
515,lynn jenkins,jenkslyn,936
516,keith stokes,drkeithstokes,1563
517,dan sullivan,SenDanSullivan ‏,36310
518,bob sears,SearsBob,75
519,georgia lottery,GeorgiaLottery,12487
520,greta van susteren,greta,1204085
521,mike collier,MikeCollierWX,12548
522,gayle atteberry,GayleAtteberry,703
523,chuck baldwin,drchuckbaldwin,2379
524,casey cagle,CaseyCagle,23219
525,bob donovan,BobDonovan12,282
526,occupy democrats,OccupyDemocrats,45268
527,john carlevale,johncarlevale,172
528,mike villarreal,MikeVillarreal,4793
529,snapchat,Snapchat,2102766
530,kim simac,KimSimac,770
531,ken plum,KenPlum1,1702
532,clay aiken,clayaiken,242198
533,joe brown,joemfbrown,24088
534,house republicans,HouseGOP,709758
535,ana navarro,ananavarro,1153361
536,travis rowley,travisrowley,369
537,tom harkin,SenatorHarkin,21630
538,mark butler,Mark_Butler_MP,27490
539,steve case,SteveCase,747972
540,molly white,molly0x57,1606
541,sheila resseger,sheilaresseger,270
542,robert hurt,RepRobertHurt,15590
543,don beyer,DonBeyerVA,4647
544,jan brewer,GovBrewer,55237
545,frank luntz,FrankLuntz,262431
546,ron ramsey,RonRamsey,52810
547,robert reich,RBReich,673370
548,jim huffman,JimWHuffman,2028
549,ron desantis,RonDeSantisFL,151558
550,steve crisafulli,SteveCrisafulli,12273
551,jim hightower,JimHightower,10435
552,gavin newsom,GavinNewsom,1434348
553,brendan doherty,bdoherty48,418
554,dale peterson,digitalbond,5663
555,mark sickles,MarkSicklesVA,3669
556,jeff stone,jeffstone500,2522
557,sher valenzuela,SherValenzuela1,245
558,charlie gonzalez,TX20CharlieG,2419
559,independence usa pac,iusapac,3
560,steve forbes,SteveForbesCEO,226414
561,john stone,JohnStoneBeef,1219
562,chris dodd,SenChrisDodd,17069
563,mark clayton,MarkClaytonD9,2586
564,kelli stargel,kellistargel,5360
565,john duncan,JohnDuncanMP,877
566,secure america now,SecureAmerica,39391
567,russell mcmurry,russell_mcmurry,3
568,lamar mckay,lamar80726859,2
569,ed rendell,GovEdRendell,15789
570,catherine taylor,KatyaTaylor,7746
571,benjamin crump,AttorneyCrump,46470
572,mike honda,RepMikeHonda,23506
573,josh burgin,therealjosh44,70
574,martin frost,martinjfrost,895
575,ronan farrow,RonanFarrow,809469
576,richard blumenthal,SenBlumenthal,581714
577,fred upton,RepFredUpton,24726
578,herb conaway,herbconaway,3187
579,ellen freidin,EllenFreidin,6
580,randy hopper,RHopper4130,14
581,mark drewniak,idunnocalliesda,0
582,let freedom ring,lfrusa,5678
583,zell miller,ZellMillerFndn,610
584,rodney frelinghuysen,frelinghuysen,0
585,donald trump jr,DonaldJTrumpJr,3547641
586,martha laning,laningforwi,1341
587,starbucks,Starbucks,11374911
588,vince megna,vincemegna,155
589,mark pryor,MarkPryorBooks,759
590,erika sanzi,esanzi,3240
591,chris larson,ChrisJLarson,8965
592,paul sadler,sadlerimages,3106
593,heather fiorentino,hfiorentino47,267
594,stephen hayes,stephenfhayes,321268
595,debbie stabenow,stabenow,50746
596,jim kenney,JimFKenney,31891
597,michelle rehwinkel vasilinda,MMRV2018,211
598,sarah silverman,SarahKSilverman,12570099
599,chelsea clinton,ChelseaClinton,2488256
600,jason chaffetz,jasoninthehouse,491127
601,steve king,SteveKingIA,115684
602,john wisniewski,JohnWisniewski,15825
603,virginia lottery,VirginiaLottery,13814
604,kathleen connell,KathleenConnell,1023
605,george turner,georgenturner,5726
606,rose ferlita,RoseforMayor,155
607,jeff kottkamp,JeffKottkamp,3775
608,portland community college,PortlandCCF,33
609,elise stefanik,EliseStefanik,30855
610,kevin otoole,KevOToole70,348
611,tom mcclintock,RepMcClintock,13810
612,lee fisher,fisher4justice,696
613,juan chuy hinojosa,TxChuy,7159
614,andy duyck,ChairAndyDuyck,233
615,john pistole,PresPistole,2395
616,phil gingrey,DrPhilGingrey,14528
617,lenar whitney,LenarWhitney,2081
618,foodmentum,FoodMentum,722
619,dave hunt,climberhunt,917
620,mary burke,crackerjaw,3658
621,wes riddle,wesriddle,150
622,steven landes,Wesukechak,1
623,ben affleck,BenAffleck,2945333
624,suzanne bonamici,RepBonamici,27425
625,bill oneill,CoachO02,177
626,jeff dewit,JeffDeWitAZ,5530
627,tom tancredo,ttancredo,4273
628,haley barbour,HaleyBarbour,33388
629,jeremy bird,jeremybird,36275
630,joe straus,SpeakerStraus,24491
631,meria carstarphen,CarstarphenMJ,21927
632,larry ahern,Larry_Ahern,4355
633,valerie jarrett,vj44,196174
634,new approach oregon,NewApproachPAC,2806
635,steve spinnett,steve_spinnett,15
636,jeff atwater,JeffAtwater,15603
637,linda curtis,TDSBLindaCurtis,984
638,paul workman,PaulCTV,3937
639,jim carrey,JimCarrey,18353767
640,michael morell,MichaelJMorell,50994
641,austan goolsbee,Austan_Goolsbee,81869
642,jb van hollen,JBVanHollen,2450
643,sheila jackson lee,JacksonLeeTX18,72002
644,sheri gallo,SheriGalloD10,1684
645,nan orrock,SenNanOrrock,6392
646,steve scalise,SteveScalise,301398
647,van wanggaard,Vanwanggaard,2203
648,nikki haley,NikkiHaley,411371
649,kyrsten sinema,SenatorSinema,94073
650,michael mccaul,RepMcCaul,29906
651,michelle malkin,michellemalkin,2162278
652,rebecca bradley,RebeccaJBradley,6195
653,david gregory,davidgregory,1733656
654,debbie dooley,Crimsontider,13877
655,paula dockery,Paula_Dockery,8085
656,bret baier,BretBaier,1302359
657,dustin inman society,DustinInmanSoc,97
658,don mcintire,Donmcintire4,0
659,ami bera,RepBera,32919
660,trevor noah,Trevornoah,9787536
661,great america pac,GreatAmericaPAC,8266
662,jan jones,janjonesauthor,4061
663,becky moeller,BeckyMoeller,185
664,emma watson,EmmaWatson,29147919
665,anthony johnson,Anthony_Rumble,194345
666,max nofziger,maxnofziger,29
667,holly benson,BADnewsbenson1,348
668,jody conradt,hof98,108
669,tim griffin,TimGriffinBig12,2804
670,roger goodell,nflcommish,534939
671,ralph peters,ralph_peters,151
672,john elkhay,EllhayJohn,22
673,nina turner,ninaturner,183545
674,john taylor,JohnLloydTaylor,274058
675,michael reagan,ReaganWorld,76054
676,jeff wentworth,JeffInTokyo,187
677,chris smith,SmithChris,2588
678,american action network,AAN,8398
679,marc morial,MARCMORIAL,36136
680,bruce hanna,bdhogfan,284
681,ron gerberry,RonGerberry,771
682,pierre thomas,Pierre_Thomas,266891
683,don gaetz,DonGaetz,145
684,american future fund,AmFutureFund,31512
685,gerard robinson,gerard_924,2084
686,sam stein,samstein,408459
687,barry smitherman,SmithermanTX,3876
688,tom toles,TomTolesToons,7122
689,raymond frank,RaymondFArevalo,124
690,bob duffy,BobDuffyROC,11595
691,american energy alliance,AEA,6519
692,jerry brown,JerryBrownGov,1107251
693,billboard,billboard,7378161
694,paul begala,PaulBegala,204432
695,albio sires,RepSires,20905
696,hans von spakovsky,HvonSpakovsky,5872
697,joe heck,CoachJoeHeck,407
698,charlotte bergmann,memphismayor,75
699,ron klein,OtherRonKlein,176
700,sam houston,BearkatsBSB,12827
701,bill spelman,SpelmanBill,0
702,gordon challstrom,gordchallstrom,8
703,sabino pio renteria,CM_Renteria,3324
704,chris taylor,ChrisTaylorWI,6437
705,nicholas kristof,NickKristof,2045477
706,jennifer shilling,SenShilling,3748
707,farouk shami,Farouk4Texas,177
708,marc thiessen,marcthiessen,37871
709,jake tapper,jaketapper,2044946
710,dick morris,DickMorrisTweet,202179
711,leslie curran,ExpressFraming,66
712,jon huntsman,JonHuntsman,103247
713,betsy mccaughey,Betsy_McCaughey,8213
714,dan boren,dgbjr,19
715,joyce beatty,RepBeatty,31417
716,cleta winslow,cmwinslow04,186
717,bonnie reiss,bonniemreiss,212
718,gil kerlikowske,rgkerlik,31
719,sarah ponder,surahhpondaa,419
720,senate leadership fund,Senate_Fund,1758
721,jeanine pirro,JudgeJeanine,1502367
722,jd hayworth,JDHayworthAZ,754
723,peggy noonan,Peggynoonannyc,182399
724,mary landrieu,MaryLandrieu,5147
725,david miliband,DMiliband,266107
726,mike dovilla,mikedovilla,7600
727,hilary rosen,hilaryr,106006
728,edward flynn,EdwardFlynn12,124
729,ron fournier,ron_fournier,64366
730,chris sununu,ChrisSununu,7923
731,jason nassour,JasonNassour,245
732,josh earnest,joshearnest,50876
733,victoria seaman,VictoriaDseaman,5522
734,kiki curls,KikiCurls,2241
735,jan crawford,JanCBS,19376
736,nicholas mattiello,RISpeaker,2250
737,steve moore,stevemoore2600,3087
738,eric greitens,EricGreitens,87185
739,barbara sharief,BarbaraSharief,238
740,al gore,algore,3085691
741,van taylor,VanTaylorTX,9449
742,debra medina,debmedina,3098
743,amy kremer,AmyKremer,31293
744,bart stupak,RealBartStupak,143
745,bill pascrell,BillPascrell,38501
746,sharon day,usambassadorcr,5834
747,carlos trujillo,USAmbOAS,5619
748,mary squires,MaryTylerMorgue,222
749,texas values,txvalues,4394
750,mike adams,Channel75live,30320
751,jim keffer,RepJimKeffer,1858
752,scott bruun,JoinScott,469
753,bob buckhorn,BobBuckhorn,52696
754,jim francesconi,JimFrancesconi,75
755,ryan lizza,RyanLizza,232258
756,karen harrington,KA_Harrington,2021
757,jorge ramos,jorgeramosnews,3491479
758,steve adler,Steve_Adler,5760
759,tom kean jr,TomKeanJr,0
760,marilinda garcia,MarilindaGarcia,4261
761,einer elhauge,elhauge,993
762,eddie rodriguez,EddieforTexas,10857
763,kathie tovo,kathietovo,3963
764,cathie adams,cathieadams,3583
765,buzzfeed,BuzzFeed,6536089
766,megyn kelly,megynkelly,2403160
767,doris kearns goodwin,DorisKGoodwin,86938
768,william barber,kidwilly23,355
769,texas public policy foundation,TPPF,18398
770,uber,Uber,989667
771,renee ellmers,RepReneeEllmers,17010
772,lynn westmoreland,Westmoreland_GA,14148
773,lesley cohen,Cohen4AD29,1939
774,randi weingarten,rweingarten,89369
775,hemant mehta,hemantmehta,67915
776,kevin levitas,kevin_levitasTG,0
777,jim mcgreevey,jim_mcgreevey,693
778,maciver institute,MacIverWisc,8801
779,paige kreegel,ElectKreegel,158
780,mark zaccaria,Mark_Zaccaria,306
781,dan flynn,DanFlynn,25377
782,anne nolan,AnneNolan2,1613
783,john huppenthal,HuppenthalADE,834
784,meg whitman,MegWhitman,212632
785,jonathan jarvis,JonathanJarvis,1909
786,jeff fitzgerald,cheffitzgerald,227
787,dubose porter,porterforga,800
788,dick armey,DickArmey,8310
789,phil robertson,Reaproy,28764
790,geraldine thompson,defines1,29
791,loretta sanchez,LorettaSanchez,18296
792,steve ogden,SteveOgdenArt,2167
793,leah vukmir,LeahVukmir,12712
794,robert barber,RA_Barber,2034
795,bill bennett,WilliamJBennett,46791
796,steve southerland,Rep_Southerland,7929
797,bruce rauner,BruceRaunerHQ,3816
798,john thrasher,jthrasher,6961
799,violence policy center,VPCinfo,8165
800,danny tarkanian,DannyTarkanian,11994
801,dave aronberg,aronberg,6038
802,pat carlson,PatCarlsonMinis,545
803,ellen troxclair,EllenforAustin,3698
804,bryce reeves,ReevesVA,4060
805,caroline casagrande,CCCasagrande1,2544
806,jim waldman,jimwaldman,564
807,jodie laubenberg,LaubenbergTX,272
808,jason conger,JasonConger,1989
809,bill kristol,BillKristol,473690
810,diana degette,DeGette5280,1643
811,mike dudgeon,mjdudgeon,1114
812,rob wittman,ReElectWittman,1079
813,jon husted,JonHusted,12677
814,will wynn,mycarheaven,2047
815,rick kriseman,Kriseman,17145
816,mark kelly,ShuttleCDRKelly,276667
817,jd van brink,JDVanBrink,111
818,atlanta braves,Braves,1264428
819,rhue reis,ReisforCongress,100
820,arthenia joyner,JoynerforSenate,376
821,chris mccalla,HeyMrMcCalla,363
822,dave marsden,SenDaveMarsden,3624
823,diane black,RepDianeBlack,30408
824,christopher monckton,chris_monckton,535
825,frank wolf,RepWOLFPress,4907
826,louis marinelli,LouisJMarinelli,2229
827,defending main street,DefendMainSt,27
828,david rivera,RepRivera,3230
829,renee unterman,Renee_Unterman,3866
830,kevin flynn,FlynnCNBC,1630
831,sally bethea,sbethea063,11
832,planned parenthood,PPFA,263515
833,stefani carter,stefani_carter,2231
834,gene mcintyre,genem3,184
835,lone star project,lsptex,3980
836,peter beinart,PeterBeinart,83722
837,jefferson smith,jeffersonsmithp,584
838,lee holloway,icqheretic,220
839,eric gray,TheEricGray,1485
840,terry russell,TerryRussellLtd,385
841,james buchal,JamesBuchal,316
842,hugh thompson,thommosays,453
843,ray lewis,raylewis,368215
844,rose mary grant,Grant7Rose,3
845,julie lassa,JulieMLassa,2490
846,adam schefter,AdamSchefter,7371773
847,jack hanna,JungleJackHanna,44099
848,sierra club,SierraClub,348177
849,kay hagan,kayhagan,7923
850,kirsten gillibrand,SenGillibrand,1410883
851,tom mechler,tommechler,3028
852,maria sachs,MariaSachs,3318
853,william benson huber,NYCWBH,10045
854,mark obenshain,MarkObenshain,5879
855,wayne christian,ChristianForTX,2642
856,chris stirewalt,ChrisStirewalt,90370
857,james stegmaier,jpstegmaier,57
858,burnt orange report,BOR,9829
859,claire suggs,ClaireVSuggs,404
860,john fleming,RepFleming,12695
861,rosemary lehmberg,RoseLehmberg,1
862,stephen nodine,NodineTweets,205
863,kevin mccarthy,GOPLeader,277576
864,michelle nunn,MichelleNunn,10749
865,corrine brown,CorrineBrownCon,141
866,peter pantuso,PantusoPeter,161
867,carol morgan,AtlantaPR,7625
868,debbie mayfield,debbie_mayfield,4726
869,chris bowers,chrisbowers,472
870,colleen kiernan,ckiernanATL,243
871,mickie williams,sup_steez,97
872,progress florida,ProgressFlorida,12735
873,msnbc,MSNBC,2435543
874,matt caldwell,mattcaldwell_fl,6627
875,david barton,DavidBartonWB,30611
876,scott maddox,duffmc2001,139
877,steve goreham,stevegoreham,247
878,ronnie earle,stay_numb_,60
879,bryan hughes,bryanweather,2685
880,penny pritzker,PennyPritzker,3220
881,jim moore,cougsgo,15865
882,lorraine fende,FendeLorraine,16
883,kai degner,kaidegner,2109
884,seaworld,SeaWorld,142796
885,myra crownover,MyraCrownover,3172
886,steve israel,RepSteveIsrael,31330
887,washington examiner,dcexaminer,159409
888,tarina keene,ProtectChoice,684
889,todd richardson,Rep_TRichardson,5935
890,pete hegseth,PeteHegseth,188694
891,rodney ellis,RodneyEllis,13403
892,steve wise,notamagi,562
893,marina dimitrijevic,supervisormd,1480
894,scott keyes,smkeyes,6971
895,deval patrick,DevalPatrick,39835
896,steve loomis,48Stevie,0
897,james woods,RealJamesWoods,2125054
898,tom steyer,TomSteyer,227428
899,vance smith,vanceasmith,701
900,joe wilkinson,gillinghamjoe,350218
901,michele walsh,Brez70,97
902,jim mcdermott,RepJimMcDermott,14909
903,zoe lofgren,ZoeLofgren,501
904,david caton,DAVECATON01,1558
905,morten jerven,MJerven,4823
906,scott peters,ScottPetersSD,11218
907,john klenke,9773powerstroke,1
908,janice hahn,SupJaniceHahn,15399
909,jennifer parrish,JenParrish777,752
910,ralph reed,ralphreed,13134
911,anthony weiner,CarlosDWeiner,116
912,sandra stotsky,sgstotsky,761
913,mike prendergast,MPrendergastTX,3691
914,jim gilmore,gov_gilmore,5336
915,maria bartiromo,MariaBartiromo,476307
916,big gamble nj,BigGambleNJ,50
917,teresa ghilarducci,tghilarducci,3874
918,jack roberts,By_JackRoberts,8272
919,josh trevino,Parallelfilmss,403
920,ilyse hogue,ilyseh,41968
921,tucker carlson,TuckerCarlson,2626816
922,tim sheehy,TimSheehy,582
923,andy craig,nland360,2158
924,jose rodriguez,Josseroodriguez,366945
925,wesley clark,WesClark,1615
926,chris riley,Chris_Riley2,10179
927,doreen costa,DoreenCostaRI,1086
928,duriya farooqui,DuriyaFarooqui,1669
929,kimberly guilfoyle,kimguilfoyle,1507015
930,american petroleum institute,APIenergy,69032
931,hank gilbert,Hank4Texas,1107
932,dana milbank,Milbank,113595
933,todd tiahrt,reptoddtiahrt,161
934,ryan frazier,RyanLFrazier,2547
935,charlie sykes,SykesCharlie,154939
936,robert kraig,RKraig1912,911
937,gary lambert,GaryLambertNH,1685
938,pink pony,showbars,5572
939,chris dudley,ChrisUnderoath,16560
940,jimmy barrett,jameshbarrett,531
941,tom craddick,craddick_tom,20
942,gail collins,gailcollins,62949
943,david segal,SegalforRI,391
944,dana wachs,DanaJWachs,2485
945,mike hymes,THS67,50
946,bob barr,bobbarr,5034
947,gloria romero roses,gromeroroses,408
948,maria shriver,mariashriver,2206739
949,jim mowrer,jimmowrer,1802
950,joseph levy,josephmlevy,438
951,charles odimgbe,Chazorlee,5
952,jim rubens,JimRubens,829
953,bill mccoshen,billmccoshen,1192
954,justin trudeau,JustinTrudeau,4487269
955,ted kanavas,Ted_Kanavas,511
956,rhode island senate,RISenate,12663
957,luis alejo,SupervisorAlejo,3658
958,van jones,VanJones68,828262
959,butch conway,conwaysheriff,242
960,vernon keenan,vkeenan,126
961,richard morrison,RichardTeam,948
962,house majority pac,HouseMajPAC,5283
963,peter morici,PMorici1,11185
964,julie pace,jpaceDC,64614
965,cnn,CNN,41901400
966,nancy grace,NancyGrace,429673
967,jeff sessions,jeffsessions,58255
968,hunter schwarz,hunterschwarz,20397
969,michael bennet,MichaelBennet,21097
970,lauren hitt,LaurenHitt,3701
971,roy zimmerman,royzimmerman,2603
972,stuart sternberg,wdwfanzonestu,7693
973,woody degan,Degan4Senate,4
974,linda mcmahon,Linda_McMahon,83510
975,paul manafort,PaulManafort,82024
976,randy neugebauer,RandyNeugebauer,13997
977,kal penn,kalpenn,607656
978,jeff miller,jeffmillerla,1490
979,burger king,BurgerKing,1745435
980,alternativepac,AlternativePac,251
981,bill seitz,BillSeitz,1671
982,kate obenshain,kateobenshain,8342
983,mike coffman,RepMikeCoffman,41557
984,donna garner,dmgarner13,366
985,scott garrett,RepGarrett,6319
986,tim ziemer,tziemer763,0
987,daniel greenfield,Sultanknish,12614
988,ted ankrum,TedAnkrum,46
989,matt mackowiak,MattMackowiak,22860
990,tammy duckworth,SenDuckworth,542884
991,dan ramos,danramoscomedy,1029
992,tom corbett,CorbettforGov,5839
993,brian schweitzer,brianschweitzer,4867
994,jay goyal,jaygoyal,256
995,ken mercer,TheMoves,85
996,ken langone,realkenlangone,514
997,kent conrad,Conradozxc,178
998,mike scott,mikescott,35672
999,tom nelson,tan123,18338
1000,mark begich,MarkBegich,4879
1001,patrick moore,EcoSenseNow,75190
1002,mike gravel,MikeGravel,78110
1003,linda finn,Lindafblue,1671
1004,jerry falwell,JerryFalwellJr,72165
1005,julaine appling,sixfooter,275
1006,kari chisholm,karichisholm,1874
1007,john lott,LottOnBaseball,24985
1008,ruben navarrette jr,RubenNavarrette,5085
1009,jeremy schaap,JeremySchaap,121681
1010,jamie samons,jamiesamons,420
1011,john raese,RaeseForSenate,186
1012,heather beaven,ElectBeaven,1743
1013,john stemberger,JohnStemberger,2408
1014,jonah goldberg,JonahNRO,326169
1015,charlene lima,CharleneLimaRI,607
1016,steven rattner,SteveRattner,68807
1017,dwight holton,RogueDew,1231
1018,carol browner,Kandice_Masinga,1
1019,gary painter,GaryDeanPainter,921
1020,sonji jacobs,SonjiJacobs,2281
1021,gloria steinem,GloriaSteinem,322568
1022,jay leno,jayleno,637863
1023,franklin graham,Franklin_Graham,1915708
1024,joel klatt,joelklatt,127484
1025,mark kirk,SenatorKirk,54381
1026,georgia farm bureau,GaFarmBureau,5810
1027,brian anderson,AndersonBrian01,3457
1028,clay cox,CoachCox19,8805
1029,scott desjarlais,DesJarlaisTN04,18017
1030,joseph mcnamara,Joemacisbatman,222
1031,sandra smith,SandraSmithFox,189427
1032,suzanne devlin,GrevlinSuzanne,24
1033,doug macginnitie,mac4sos,760
1034,josh fox,joshfoxfilm,56122
1035,john sharp,JohnSharp99,2723
1036,will kraus,unclekraus,257
1037,larry kilgore,DrLarryKilgore,229
1038,gary schaer,GarySchaerNJ,896
1039,donald rumsfeld,RumsfeldOffice,82150
1040,theresa price,theresaprice21,309
1041,terry gorman,TerryJGorman,285
1042,steven frias,StevenFD_,82
1043,susan sosnowski,SozMama,2
1044,dan kapanke,DanKapanke,840
1045,dana perino,DanaPerino,1826735
1046,gayle smith,GayleSmith,6585
1047,david wu,PG_Mashumaro,12002
1048,ari melber,AriMelber,537887
1049,corey stewart,CoreyStewartVA,27526
1050,justin amash,justinamash,174439
1051,lz granderson,LZGranderson,41911
1052,buddy carter,RepBuddyCarter,18614
1053,bruce starr,brucestarr29,2270
1054,charlie flemming,charlieflemmin1,245
1055,pam bondi,PamBondi,30833
1056,mark geist,MarkGeistSWP,38042
1057,andrea mitchell,mitchellreports,1758666
1058,jon voight,jonvoight,78668
1059,mike tate,michaeljtate,1630
1060,john ludlow,surfglen,500
1061,bob hackworth,BobHackworth,236
1062,vicki shabo,VShabo,1515
1063,barry duval,barry_duval,4
1064,richard corcoran,richardcorcoran,15986
1065,stacey campfield,realstaceyc,202
1066,michelle litjens,michellelitjens,2038
1067,basil seggos,BasilSeggos,1843
1068,charlotte lehan,Charbs51,7
1069,jennifer granholm,JenGranholm,105346
1070,rick barber,rick03907,888
1071,sandy pasch,sandyforsenate,756
1072,stacey abrams,staceyabrams,470014
1073,larry sabato,LarrySabato,145225
1074,david corn,DavidCornDC,726611
1075,eleanor holmes norton,EleanorNorton,33228
1076,martha mcsally,SenMcSallyAZ,60516
1077,heidi heilman,HeidiHeilman,26
1078,eva galambos,evagalambos,46
1079,fred clark,SlacktivistFred,3929
1080,dan gecker,dangecker,203
1081,donny deutsch,DonnyDeutsch,89548
1082,sanford bishop,SanfordBishop,19485
1083,ismael ozanne,DaneDAOzanne,149
1084,frank lobiondo,FrankLoBiondoNJ,17176
1085,lucy flores,LucyFlores,23796
1086,joe donnelly,deaco2000,2745
1087,eric holder,EricHolder,482332
1088,jd alexander,Jdalexander64,974
1089,john chisholm,johndchisholm,1229
1090,robert bennett,WAVY10Bob,2617
1091,dan saltzman,DanSaltzman1016,50
1092,rod smith,TheREALrodSmith,60975
1093,jane kidd,janekidd12,444
1094,paul bedard,SecretsBedard,21992
1095,michael madigan,madiganm,1561
1096,jon richards,iamthejmark,869
1097,jorge elorza,Jorge_Elorza,12468
1098,richard burr,SenatorBurr,150519
1099,christopher little,ChrisLittle25,164
1100,tim grendell,TimGrendell,0
1101,frank brogan,FrankNutr,81
1102,celia israel,CeliaIsrael,6790
1103,amy schumer,amyschumer,4725764
1104,joe walsh,WalshFreedom,163985
1105,larry gonzales,gonzolk,43
1106,brian kilmeade,kilmeade,406616
1107,jeff wagner,Jeff_Wagner4,2567
1108,mike collins,MIKECOLLINS99,2754
1109,cnsnews,cnsnews,117672
1110,josh hawley,HawleyMO,48279
1111,greg steube,gregsteube,5617
1112,richard woods,Richard_Woods,10824
1113,amy hanauer,amyhanauer,2123
1114,rich lowry,RichLowry,172911
1115,marla stephens,marla_stephens,8
1116,david frum,davidfrum,747065
1117,jacky rosen,RosenforNevada,37090
1118,liberals are cool,LiberalsAreCool,2733
1119,bob ryan,GlobeBobRyan,109834
1120,allan levene,LEVENEBRICKWORK,15
1121,gary cobb,cobbyqpr,532
1122,ernest almonte,ErnestAlmonte1,3
1123,jeff brandes,JeffreyBrandes,10069
1124,chris devaney,FormerChairman,2182
1125,allen alley,allen_alley,1907
1126,janet napolitano,t_tenglish,638
1127,curt schilling,gehrig38,256871
1128,steve buckstein,SteveBuckstein,611
1129,carl paladino,CarlPaladino,6975
1130,joy pullmann,JoyPullmann,7570
1131,dan stein,DanS_journalism,104
1132,charlie baird,charliebaird10,34
1133,sherry sylvester,sylvester1630,534
1134,brian robinson,br524,1387
1135,dan becker,becker513,1741
1136,basic rights oregon,basicrights,6578
1137,beverly hall,IrishBones69,182
1138,reclaim america pac,TeamReclaim,17
1139,scott jones,FOX59SJONES,12757
1140,gordon quan,GordonQuan,283
1141,stacey evans,EvansforGeorgia,5270
1142,whoopi goldberg,WhoopiGoldberg,1447539
1143,sylvia romo,sylromo,348
1144,mark sanford,MarkSanford,13951
1145,competitive enterprise institute,ceidotorg,11390
1146,william howell,ProfWillHowell,1723
1147,bill kennemer,repbillkennemer,422
1148,michael chippendale,mickchip,10
1149,joe morrissey,MorrisseyPhotos,1537
1150,deborah kafoury,dkafoury,5426
1151,elizabeth cohen,elizcohencnn,20681
1152,madison action fund,MadisonAction,80
1153,brad avakian,BradAvakian,2511
1154,breitbart,BreitbartNews,1095941
1155,kathleen passidomo,Kathleen4SWFL,2869
1156,joe atkins,MrJophoto,965
1157,bill mitchell,mitchellvii,413809
1158,ertharin cousin,ertharin,97
1159,barry garner,Bazag69,324
1160,lenny curry,lennycurry,20315
1161,bill gates,BillGates,47175167
1162,ben bius,BenBius,251
1163,xavier becerra,AGBecerra,63167
1164,charley wilkison,charleywilkison,578
1165,don lemon,donlemon,868686
1166,baker harrell,itstimefounder,841
1167,amanda fritz,AmandaFritzRN,6651
1168,george holding,RepHolding,16253
1169,chuck donovan,Dunnie42,86
1170,peter schweizer,peterschweizer,40070
1171,john shimkus,RepShimkus,29847
1172,stephanie desilva,StephanieDesi10,1
1173,daniel rodriguez,sethillgard,876
1174,gina hinojosa,GinaForAustin,6204
1175,mahmoud ahmadinejad,Ahmadinejad1956,99977
1176,matt gaetz,mattgaetz,118687
1177,jan schakowsky,janschakowsky,41094
1178,chris van hollen,ChrisVanHollen,149957
1179,james skeffington,jamesskeff2013,1
1180,one nation pac,OneNationPAC,389
1181,kenneth mckay,McKayKH_95,142
1182,jamie oliver,jamieoliver,6753729
1183,steve doocy,SteveDoocy,251765
1184,yvette mcgee brown,YvetteMB1,2776
1185,al roker,alroker,2521563
1186,jim taricani,jim_taricani,753
1187,bing west,BingWest,1771
1188,ron shipman,RonShipman2,1
1189,lori haas,LoriHaasVA,2023
1190,john morgan,JohnMorganESQ,64081
1191,jb powell,JBPowell11,293
1192,doug ducey,dougducey,54077
1193,stephanie schriock,Schriock1,22321
1194,ken hagan,hagan2010,100
1195,katrina shankland,RepShankland,2652
1196,elizabeth dennigan,xoladiegaga,4
1197,steve doell,DeadlyDoellies,22
1198,jerome buting,JButing,102396
1199,mallard fillmore,fillinator,6
1200,dale earnhardt jr,DaleJr,2475991
1201,joe sanfelippo,Joe_Sanfelippo,40385
1202,craig miller,junior_miller,176405
1203,michelle mosby,MsHelpMeHelpYou,845
1204,mick mulvaney,MickMulvaneyOMB,36361
1205,ted piccolo,tedpiccolo,16
1206,barbara lee,BarbaraLeeSays,5659
1207,jennifer carroll,ChefJenCarroll,38390
1208,pam stewart,pstewart78,283
1209,david pennington,pennington03,2651
1210,chris latvala,ChrisLatvala,4887
1211,stop gillnetting now,StopGillnetting,28
1212,larry pressler,larrypressler,580
1213,national review,NRO,323701
1214,liz cheney,Liz_Cheney,92821
1215,beth harwell,BethHarwellTN,15105
1216,joni ernst,joniernst,37497
1217,myra signer,MyraSigner,0
1218,mary jordan,marycjordan,6909
1219,bill de blasio,BilldeBlasio,149966
1220,richard shelby,SenShelby,80125
1221,james carville,JamesCarville,48522
1222,tom perriello,tomperriello,102721
1223,nia gill,gill_nia,348
1224,weston wamp,westonwamp,3033
1225,lauren kane,lelizabethkane,426
1226,ian lang,IanLangITVWales,1527
1227,michael cohen,MichaelCohen212,442186
1228,stephen fincher,RepFincherTN08,9485
1229,eugene mckenna,euggmac,16
1230,reza aslan,rezaaslan,288532
1231,chris widener,ChrisWidener,123065
1232,nationwide,Nationwide,62789
1233,empowered georgia,empoweredga,1226
1234,michael cutler,cutlermj,651
1235,gavin mcinnes,DefendGavin,7779
1236,ken paxton,KenPaxtonTX,39927
1237,glenn nye,GlennNye,3456
1238,shawn oconnor,ShawnsWineLife,124
1239,tom ganley,tomganley,675
1240,emil runge,RungeEmil,39
1241,victoria jackson,VictoriaJackson,15272
1242,bob bennett,BobBennett_b2,2100
1243,chris koster,Koster4Missouri,18057
1244,dan moore,DANandMOORE,16015
1245,brad woodhouse,woodhouseb,27437
1246,charles cooper,coopeydoop,6142
1247,oxfam ireland,OxfamIreland,11245
1248,jason rae,JasonRRae,4096
1249,jennifer horn,NHJennifer,3988
1250,brad blakeman,BradBlakeman,124
1251,efrain de la fuente,VoteDeLaFuente,7
1252,nancy jester,nancy_jester,2116
1253,rebecca kleefisch,RebeccaforReal,12868
1254,nadine smith,NadineMCSmith,1536
1255,eric johnson,EricJJohnson79,49959
1256,brian schatz,brianschatz,211024
1257,bumper sticker,bumpstickideas,459
1258,occupy providence,OccupyProv,5626
1259,mark tapscott,MarkTapscott,25
1260,elton john,eltonofficial,745157
1261,bob schieffer,bobschieffer,111369
1262,judy manning,jboppwrites,496
1263,tony evers,Tony4WI,29201
1264,naacp,NAACP,397269
1265,robert malin,So1idarityMedia,529
1266,john roberts,JohnRobertsFun,34900
1267,rick boucher,rickboucherdc,64
1268,elaine phillips,ElainePhillips1,156
1269,patrick mchenry,PatrickMcHenry,24829
1270,jack trammell,jacktrammell,1041
1271,dave schwartz,Dave_Schwartz,20291
1272,barbara comstock,BarbaraComstock,11578
1273,scott fitzgerald,SenFitzgerald,4945
1274,brook hines,nashville_brook,2286
1275,al jazeera america,ajam,317945
1276,susan pitman,kitykity,899
1277,babur lateef,lateef4chair,335
1278,jonathan steitz,JonathanSteitz,5605
1279,jack bogdanski,bojack54,1381
1280,derek ryan,DerekAllenRyan,4639
1281,brent larkin,brentlarkin,133
1282,mary matalin,MaryMatalin,59
1283,sheila harsdorf,senharsdorf,54
1284,ron amstutz,rkagolf,35
1285,fran lebowitz,franlebowitz,6622
1286,firearms policy coalition,gunpolicy,27115
1287,ben shapiro,benshapiro,2136694
1288,kellyanne conway,KellyannePolls,2721423
1289,major garrett,MajorCBS,189876
1290,tom rooney,TomRooney,23679
1291,ross douthat,DouthatNYT,154802
1292,mike gallagher,radiotalkermike,78364
1293,cecile richards,CecileRichards,189666
1294,georgia gun owners,GaGunOwners,1654
1295,phil ruffin,PhilRuf,53
1296,jeff flake,JeffFlake,663087
1297,rula jebreal,rulajebreal,120867
1298,dino rossi,DinoRossiWA,3728
1299,senfronia thompson,Senfronia4Texas,1640
1300,steve oroho,SteveOroho,59
1301,end citizens united,StopBigMoney,54304
1302,brian newberry,_CoachNew,10129
1303,colin van ostern,ColinVanOstern,5288
1304,lars larson,LarsLarsonShow,23100
1305,rob woodall,RepRobWoodall,13191
1306,chris bollwage,MayorBollwage,3458
1307,john whitbeck,JohnWhitbeck,5516
1308,jackie speier,RepSpeier,134870
1309,kai ryssdal,kairyssdal,166386
1310,mike stenhouse,mikesten,1613
1311,david englin,david_englin,67
1312,veronica escobar,vgescobar,24728
1313,chris telfer,SenChrisTelfer,228
1314,jimmie don aycock,Aycockjda,3679
1315,john driscoll,OPDPresources,439
1316,ruth marcus,RuthMarcus,41250
1317,duf sundheim,DufSundheim,6
1318,oregon food bank,oregonfoodbank,5338
1319,cormick lynch,CormickLynch,263
1320,david sutton,davidball1978,2218
1321,alisha thomas morgan,AlishaMorgan,2914
1322,matt lundy,mattlundy33,964
1323,arne duncan,arneduncan,23827
1324,ken detzner,KenDetzner,1217
1325,heather moore,HMooreTV,4032
1326,lauren benedict,laurenbeeswax,111
1327,rob gleason,glebo15,32
1328,richard august,RichAugust1,378
1329,jess mcintosh,jess_mc,46759
1330,seth magaziner,SethMagaziner,4895
1331,jeffrey toobin,JeffreyToobin,228774
1332,david pepper,DavidPepper,19576
1333,paul doughty,PaulDoughty1,2093
1334,scott turner,ScottyT6,2258
1335,mike ryan,mikeryan,25532
1336,john podesta,johnpodesta,206289
1337,trebor banstetter,Banstetter,360
1338,eva longoria,EvaLongoria,7259347
1339,charles koch,CKinstitute,17086
1340,american bird conservancy,ABCbirds,23868
1341,joe wilson,RepJoeWilson,13332
1342,callista gingrich,CallyGingrich,19201
1343,thom hartmann,Thom_Hartmann,109183
1344,common sense kids action,CSKidsAction,3980
1345,chuck fleischmann,RepChuck,15617
1346,chris dorworth,ChrisDorworth,2447
1347,dana bash,DanaBashCNN,383764
1348,heritage foundation,Heritage,645557
1349,jim cooper,repjimcooper,24772
1350,victoria cobb,toricobb3,437
1351,barbara cargill,barbaracargill,11
1352,rob astorino,RobAstorino,17307
1353,jonathan stickland,RepStickland,10563
1354,jimmy flannigan,JimmyFlannigan,3317
1355,janet freedman,jrfreedman1,10
1356,elisabeth hasselbeck,ehasselbeck,370929
1357,susan shapiro,Susanshapironet,40227
1358,stephen kretzmann,Kretzmann,3097
1359,anita perry,AnitaPerryTX,3884
1360,mike enzi,SenatorEnzi,89966
1361,rick saccone,RickSaccone4PA,13013
1362,chuck norris,chucknorris,127655
1363,nicholas gorham,NicholasGorham,411
1364,pete koekstra,petekoekstra,0
1365,ed turanchik,ETuranchik,280
1366,martha raddatz,MarthaRaddatz,103076
1367,ted olson,teotwits,78
1368,janet howell,JanetHowellPye,225
1369,kathy miller,SupeKathyMiller,575
1370,jesse ventura,GovJVentura,106208
1371,preston smith,PrestonSmith94,31678
1372,michael julian bond,Michael_J_Bond,1252
1373,larry pratt,larrypratt,6986
1374,dawson hodgson,DawsonHodgson,1606
1375,presente,PresenteOrg,17897
1376,nick gillespie,nickgillespie,85566
1377,barney frank,BarneyFrank,22376
1378,john bel edwards,JohnBelforLA,17313
1379,dan lucas,WFLADan,2332
1380,david stockman,davidstockman,508
1381,andy puzder,AndyPuzder,9727
1382,joshua miller,jm_bos,7111
1383,henry cisneros,henrygcisneros,1948
1384,dennis linthicum,DennisLinthicum,819
1385,doug stoner,doug_stoner,264
1386,multnomah county,MultCoLib,12238
1387,mike thompson,RepThompson,27550
1388,wayne deangelo,DeAngeloLD14,696
1389,peter feigin,pfeigin,3266
1390,jay webber,JayWebberNJ,3446
1391,justin hewlett,justin_hewlett,150
1392,kevin coughlin,kcough,922
1393,steven goldstein,sjgoldstein,2491
1394,james florio,jamesflorio,38
1395,oregon senate republicans,ORSenateRs,3790
1396,timothy geithner,TimGeithnerRX,234
1397,sam rashid,SamSRashid,145
1398,david beckham,DaviBeckham24x7,17489
1399,bryan underwood,bwood,298
1400,jeff cogen,JeffCogen,4121
1401,john legend,johnlegend,12680070
1402,kofi annan,KofiAnnan,269059
1403,john kirby,johnfkirby63,20348
1404,maria cardona,MariaTCardona,50398
1405,brian fallon,brianefallon,165343
1406,artur davis,ArturDavis,8709
1407,gary peters,GaryPeters,10751
1408,stephen lisauskas,stephnlisauskas,3
1409,dave joyce,RepDaveJoyce,20609
1410,carol alvarado,CarolforTexas,12579
1411,annise parker,AnniseParker,77803
1412,minka kelly,minkakelly,303709
1413,justin barasky,JustinBarasky,7356
1414,trey gowdy,TGowdySC,1017210
1415,neil cavuto,TeamCavuto,624386
1416,andy gardiner,AndyGardiner,543
1417,colin powell,cpowellschool,5493
1418,elizabeth ames jones,ElizAmesJones,51
1419,joe miller,Joe_Miller,126318
1420,john cortes,cortes_john,3164
1421,sheryl cole,SherylCole1,2734
1422,jim lampley,exfire21,334
1423,carolyn medeiros,Carolynwnhq,16
1424,mark herring,MarkHerringVA,35493
1425,julia sass rubin,JuliaSassRubin,577
1426,tavis smiley,tavissmiley,334207
1427,renewable fuels association,EthanolRFA,11504
1428,jill chambers,jillchamberss,509
1429,thomas sowell,SowellColumn,17029
1430,matt damon,MattDamonOnline,6550
1431,marie corfield,mariecorfield,2964
1432,patrick johnston,risingaction,5834
1433,steve leslie,sjlcards,279
1434,alex castellanos,alexcast,19644
1435,eric eisnaugle,ElectEric,3
1436,rick lazio,RickLazio,3376
1437,susan latvala,SLatvala,296
1438,hillary davis,MarcheDimanche,8682
1439,jeff graham,JeffGrahamAtl,1217
1440,wisconsin humane society,WiscHumane,8288
1441,connie stokes,CS_Publishing,138
1442,larry valencia,LarryValencia13,965
1443,daniel harrop,PrinceOfHarrop,83
1444,lisa bloom,LisaBloom,116224
1445,pete winstead,PeteWinstead,67
1446,michael medved,MedvedSHOW,46556
1447,mark brodeur,markbrodeur28,227
1448,david sweetser,DSweetser2,0
1449,shirley turner,shirlsyourgirl,281
1450,bill posey,congbillposey,22874
1451,nik kovac,nikovac,535
1452,john boccieri,RepJohnBoccieri,865
1453,urban intellectuals,urbanintellects,3851
1454,anne hathaway,Hathaway_France,15464
1455,tom fanning,Tom_Fanning_Ag1,658
1456,bill montford,BillMontford,231
1457,mike rawlings,Mike_Rawlings,35350
1458,john bolton,AmbJohnBolton,628979
1459,dean cannon,DeanCannon,2978
1460,colleen conley,cconleyyyy,129
1461,jason riley,JasonRileyWDRB,11921
1462,valinda bolton,ValindaBolton47,526
1463,gabrielle giffords,GabbyGiffords,269213
1464,margaret gomez,MGomez714,45
1465,hugh hewitt,hughhewitt,179672
1466,dan branch,TexansForDan,13964
1467,matt rinker,Matt_Rinker_,90
1468,american life league,AmerLifeLeague,15641
1469,bob tiernan,bobtiernan,258
1470,charlie bethel,CharlieBethel,2153
1471,jeff weems,JeffWeems3,1847
1472,david silverman,MrAtheistPants,57582
1473,roxanne ross,RoxyRoss,524
1474,frank lasee,franklasee,80
1475,eugene sepulveda,EugeneAustin,3473
1476,public citizen,Public_Citizen,113899
1477,brett smiley,brettsmiley,8041
1478,rob moshein,AustinWineGuy,338
1479,cornel west,CornelWest,852857
1480,john mckeon,jtmckeon,517
1481,martin smith,MartinSmithTV,83515
1482,charles boustany,charlesboustanl,116
1483,doug miller,DougObserver,1478
1484,john fetterman,JohnFetterman,37773
1485,jack conners,srennoc,160
1486,leo berman,RepBerman,160
1487,allison tant,allisontant,3282
1488,ed whitacre,retiredceo,46
1489,jim bridenstine,JimBridenstine,52293
1490,john oxendine,Johnoxendine,94
1491,james parisi,JamesAParisi,582
1492,michael murphy,murphm95,49753
1493,jamie weinstein,Jamie_Weinstein,19809
1494,janet bewley,JanetBewley4WI,688
1495,tom delay,tomdelaybeats,960
1496,ovide lamontagne,ovidein2010,1379
1497,jeff judson,Jeffrey8912,56
1498,media matters,mmfa,392871
1499,shaun donovan,Shaun_Don66,463
1500,ian bremmer,ianbremmer,427667
1501,tom petri,tcpetri,112
1502,james crowley,TherealJCrowley,251
1503,kathie glass,KathieGlass4Tx,597
1504,marc lamont hill,marclamonthill,392884
1505,raw story,RawStory,197576
1506,lgbt progress,LGBTProgress,46482
1507,michael tyler,MichaelTyler93,5230
1508,wisconsin transportation builders association,WIRoadbuilders,35
1509,shirley anderson,shirlsy,894
1510,susan yoshihara,susan_yoshihara,72
1511,jason kander,JasonKander,326274
1512,tina rosenberg,tirosenberg,7851
1513,john albers,johnalbers,3388
1514,peter nehr,reppeternehr,258
1515,sara stevenson,ssteven2,631
1516,john axford,JohnAxford,78228
1517,pete sessions,PeteSessions,34289
1518,put alaska first pac,PutAlaskaFirst,180
1519,carl hosticka,chosticka,1
1520,tony perkins,TPerkShow,1732
1521,scot ross,rossacrosswi,5016
1522,ted ferrioli,tedferrioli,529
1523,daniel webster,RepWebster,25123
1524,zack space,ZackSpaceOhio,3489
1525,mika brzezinski,morningmika,888519
1526,john dennis,Johndliu,2286
1527,john matson,johnnymatson,923
1528,freedom partners,FreedomPartners,48200
1529,sloan roach,sdroach,3
1530,melanie crozier,melcrozier,140
1531,glee,GLEEonFOX,2479630
1532,joe zepecki,JoeZepecki,929
1533,joe theismann,Theismann7,153434
1534,jack murphy,JackMurphy219,2717
1535,kim thatcher,KimThatcherGOP,1140
1536,gerald mccormick,GeraldMcCormick,1241
1537,marshall faulk,marshallfaulk,162290
1538,ryan downton,Newfino,123
1539,steve santarsiero,SenSantarsiero,3070
1540,joe leibham,JoeLeibham,986
1541,jill vogel,JillHVogel,4032
1542,gerald daugherty,TeamDaugherty,430
1543,rob eissler,RobEissler,389
1544,jim greer,jwgreer3,1081
1545,steve kagen,stevekagen,77
1546,jonathan harris,J_Harris_29,2193
1547,calvine rollins,ladycefus,10
1548,tim mcginty,jprov716,42
1549,ameripac,AmeriPACorg,117
1550,bob seger,BobSeger,82501
1551,choose new jersey,ChooseNJ,3545
1552,cocks not glocks,CocksNotGlocks,2097
1553,genevieve wood,genevievewood,6102
1554,daily mail,MailOnline,2352319
1555,warren chisum,chisum_warren,0
1556,evan goyke,RepGoyke,683
1557,russ fulcher,RussFulcher,2066
1558,chris carpenter,ChrisCarp06,1080
1559,scott hochberg,scotthoch,8
1560,michael mule,MichaelMule,359
1561,yolanda adrean,yadrean,528
1562,yg action fund,YGActionFund,165
1563,bill bradbury,billbradbury,1006
1564,paul summers,summers400,520
1565,abel collins,be1Collins,692
1566,david boies,dajobo,14
1567,beatrice lanzi,Beatrice_Lanzi,11
1568,morgan griffith,RepMGriffith,28676
1569,jack ohman,JACKOHMAN,6887
1570,alexander snitker,AlexSnitker,1302
1571,joseph andriole,JoeBruins19,2
1572,rick mcallister,rickmcallister1,228
1573,mike plant,MPlantTDR,1225
1574,dan fanelli,ElectDan2010,99
1575,jason brodeur,jasonbrodeur,5408
1576,stephen king,StephenKing,5220310
1577,kathleen sullivan,kathleennewsie,1391
1578,phil kent,PhilKentAtl,2649
1579,republican state leadership committee,RSLC,13249
1580,mike huebsch,mdhws,8
1581,gonzalo barrientos,GonBarrientosA,839
1582,aziz ansari,azizansari,10861802
1583,graeme zielinski,gjzielinski,2878
1584,doug otto,otto_doug,93
1585,candy crowley,CandyCrowley,220130
1586,russ carnahan,russcarnahan,1740
1587,bryan fischer,BryanJFischer,12735
1588,now or never pac,NowOrNeverPAC,22
1589,tim finchem,Not_TimFinchem,55
1590,sharlene leurig,sleurig,725
1591,martina navratilova,Martina,275733
1592,leon young,99LeLee,326
1593,la raza,larazachicago,3865
1594,stu burguiere,WorldOfStu,85159
1595,joy reid,JoyAnnReid,1394019
1596,eugene robinson,Eugene_Robinson,374978
1597,curtis foltz,homegrown_foltz,46
1598,john g edwards,oneat1,1516
1599,jimmy massie,countryboy75,2
1600,charles perry,TheCharlesPerry,20504
1601,jim patterson,JimPatterson559,5053
1602,richard swett,rnswett,299
1603,rashad taylor,rashadjtaylor,1548
1604,common cause,CommonCause,57039
1605,robert kando,robertkando,0
1606,denise grimsley,denisegrimsley,5635
1607,sal albanese,SalAlbaneseNYC,4592
1608,raymond gallison,aepasstdirector,9
1609,kendall jones,beerblog,10688
1610,mark critz,realMarkCritz,1491
1611,thurbert baker,ThurbertBaker,323
1612,tim echols,timechols,10364
1613,jonathan karl,jonkarl,211812
1614,peter nightingale,Peter_Night,382
1615,george nee,george_nee,4
1616,ken tanner,KenWestHam,111
1617,roberto alonzo,cfa10roberto,202
1618,mahlon mitchell,MahlonMitchell,11671
1619,david madland,DavidMadland,605
1620,liz carter,withoutdoing,13883
1621,judson phillips,judsonphillips,8933
1622,courtney combs,cococombs11,75
1623,debbie riddle,DeeVfl,388
1624,anthony rendon,Rendon63rd,17664
1625,tax foundation,taxfoundation,32733
1626,gordon robertson,CBNGordon,14252
1627,rick green,VTConfidential,7414
1628,zephyr teachout,ZephyrTeachout,109094
1629,bill zedler,Bill_Zedler,4845
1630,ron hayduk,RonHayduk,145
1631,arizona house democrats,AZHouseDems,13614
1632,american unity pac,AmerUnityPAC,422
1633,dave hansen,DigLibCopyright,647
1634,ben rhodes,brhodes,301586
1635,eric turner,EricTurner,9260
1636,peter orszag,porszag,15607
1637,maxey scherr,MaxeyforTexas,1614
1638,lynn derbyshire,LynnDerbyshire,0
1639,regina benjamin,reginabenjamin,1894
1640,david plouffe,davidplouffe,192436
1641,katty kay,KattyKay_,117412
1642,thomas ratliff,RatliffT,1809
1643,mother jones,MotherJones,776927
1644,al cardenas,AlCardenasFL_DC,8052
1645,warren buffett,WarrenBuffett,1516289
1646,ken hodges,Ken_Hodges15,236
1647,morgan carroll,MorganLCarroll,4996
1648,heineken,Heineken,153854
1649,jeff clemens,jclemy,1373
1650,scott lingamfelter,ScottForVA,15
1651,clay dafoe,claydafoeaustin,2
1652,kevin rader,KevinWTHR,6560
1653,ernest moniz,ErnestMoniz,11740
1654,judith zaffirini,JudithZaffirini,4029
1655,dominic chavez,dchavezzz_,333
1656,evan longoria,Evan3Longoria,375284
1657,dino baccari,BaccariDino,1
1658,bill janis,BillJanis,369
1659,drew brees,drewbrees,3154587
1660,thad altman,RepThadAltman,3290
1661,kip kendrick,Kip_Kendrick,2786
1662,jennie lou leeder,JennieLouLeeder,2244
1663,jalen ross,Jrooo11,585
1664,jim marston,JimMarston,2035
1665,cato institute,CatoInstitute,357170
1666,debra lehrmann,JusticeLehrmann,2379
1667,pam davidson,PamDavEd,1094
1668,christine whitman,Christiinneeyy,469
1669,john rafferty,jrafferty,543
1670,richard tomlins,RichTomlins,721
1671,alan powell,alanpowell10,34679
1672,sean patrick maloney,RepSeanMaloney,29396
1673,mike berlon,mikeberlon,698
1674,chris sgro,cristoferosgro,3334
1675,marijuana policy project,MarijuanaPolicy,191842
1676,mamie locke,SenatorLocke,2189
1677,drew springer,DrewSpringer,6811
1678,steven costantino,Steve_cost32,63
1679,russell pearce,RussellPearceAZ,274
1680,ian prior,ianprior90,2146
1681,carole smith,SynNeoMarketing,1448
1682,brett bittner,brettbittner,1361
1683,wolf blitzer,wolfblitzer,1427789
1684,cenk uygur,cenkuygur,375781
1685,mike wise,MikeWiseguy,31597
1686,todd wilcox,toddwilcox24,204
1687,dan forest,DanForestNC,10339
1688,george lavender,GeorgeLavender,1190
1689,david hallock,dhhallock,326
1690,scott suder,suder13,196
1691,enterprise florida,EnterpriseFL,33144
1692,milly silva,MillySilva,2197
1693,jeff scrima,jscrima,27
1694,john birch society,The_JBS,9670
1695,jon bramnick,JonBramnick,4882
1696,anna kooiman,annakooiman,155931
1697,clean water portland,OCSDW,165
1698,jeff mullis,1_v_1ME,5
1699,dave claunch,DaveClaunch,11
1700,mike cernovich,Cernovich,464684
1701,lisa tomasso,Lisa_Tomasso,561
1702,stephen laffey,stephenlaffey,9
1703,sid covington,SidCovington,141
1704,edd houck,eddhouck,69
1705,anastasia williams,ARoyalOne,732
1706,thomas melsheimer,TomMelsheimer,625
1707,charles krauthammer,krauthammer,829812
1708,james oneil,JamesEONeil2,223
1709,adrian garcia,AdrianGarciaHTX,17655
1710,tyrone brooks,tbrooksBIN,3264
1711,gwyneth paltrow,GwynethPaltrow,2902487
1712,stephen ucci,stephen_ucci,405
1713,peter lavelle,PLCROSSTALK,8497
1714,dan sebring,SebringDan,223
1715,unicef,UNICEF,7532973
1716,erin lynch,ErinALynch,969
1717,deborah gist,deborahgist,17206
1718,kathleen angelucci,Cobbedutweet,21
1719,juda engelmayer,judae,351
1720,mario gallegos,MarioGallegosHF,124
1721,bob,bobsaget,2382581
1722,dan pfeiffer,danpfeiffer,558396
1723,kurt schuller,schuller53rd,1369
1724,brian wilson,BrianWilsonLive,74232
1725,doug ainge,dougainge,7
1726,warren kampf,KampfWarren,4
1727,thaddeus mccotter,ThadMcCotter,31880
1728,mike ford,Mike7Ford,6615
1729,ron meyer,Ron4VA,4010
1730,rebecca quigley,RQuig3605,74
1731,ann marie buerkle,AMBCPSC,425
1732,piers morgan,piersmorgan,6640959
1733,keisha lance bottoms,KeishaBottoms,59206
1734,dennis hastert,SpeakerHastert,95
1735,michael adams,MickeyAdamsGM,14506
1736,espn,espn,33922206
1737,metro,MetroUK,297192
1738,oregon catalyst,oregoncatalyst,3759
1739,colorado health institute,COHealthInst,5420
1740,brian deese,DeeseOMB,2430
1741,spencer bachus,BachusAL06,8359
1742,representus,representus,31440
1743,barney bishop,Barney_Bishop,1127
1744,greg morris,juicedageneral,1077
1745,teresa fedor,teresa_fedor,3926
1746,eric fehrnstrom,EricFehrn,22760
1747,michael needham,MikeNeedham,7599
1748,lisa hamler fugitt,LisaHF1,13
1749,karen huber,karenohuber,569
1750,john nygren,rep89,3570
1751,voters first ohio,votersfirstohio,444
1752,alicia menendez,AliciaMenendez,28694
1753,paul saldana,psaldana52,131
1754,russ girling,breeanabessi,5
1755,oxfam america,OxfamAmerica,343121
1756,joee lindbeck,lindbeck24,82
1757,john faulk,john__faulk,771
1758,david prosser,David_Prosser,395
1759,jonathan turley,JonathanTurley,45564
1760,jason haas,jhaas,1709
1761,mark belling,MarkBellingShow,9172
1762,campaign money watch,cmoneywatch,2
1763,mark harris,MarkHarrisNC9,6580
1764,your choice colorado,YourChoiceCO,3965
1765,matt wuerker,wuerker,22928
1766,james quintero,JamesQuinteroTX,1483
1767,paul hipp,paulhipp,2327
1768,todd young,ToddYoungIN,8548
1769,suzanne somers,SuzanneSomers,56756
1770,ann lininger,annlininger,1395
1771,ellen qualls,QuallsComm,772
1772,tom wolf,TomWolfPA,29033
1773,stephen simpson,Stevoo7,706
1774,phyllis schlafly,PhyllisSchlafly,7493
1775,john mccallum,HonJohnMcCallum,26089
1776,hugh fitzsimons,HughAFitzsimons,182
1777,menendez facts,MenendezFacts,741
1778,andy berke,AndyBerke,22643
1779,steve henson,SteveHenson,3115
1780,margaret carlson,carlsonmargaret,4810
1781,mark sharpe,MarkSharpe39kFT,7401
1782,peter roskam,PeterRoskam,29587
1783,joseph chiusolo,josephchiusolo,18
1784,ken lanci,KenALanci,442
1785,james durkan,jdurkan91,172
1786,occupy wall street,OccupyWallStNYC,194412
1787,jonathan boucher,jonbouch,2028
1788,bill burton,billburton,39424
1789,edward snowden,Snowden,4009114
1790,rick allen,rickallenlive,68569
1791,jane norton,JaneKitbag,227
1792,mark assini,markassini,2132
1793,keith ellison,keithellison,369012
1794,michael solomon,Mister_Solomon,1779
1795,ted yoho,RepTedYoho,31846
1796,james jolly,jamesjolly,582
1797,nancy gordeuk,principalracist,2
1798,jeff amason,AmasonJeff,0
1799,mason tvert,MasonTvert,1859
1800,jessica ehrlich,JessEhrlich,1400
1801,joseph fernandez,JoeFernz,82
1802,matt patten,IowaMatt72,134
1803,tom mccarey,tommccarey,46
1804,jason villalba,JasonVillalba,10459
1805,chris cummiskey,chrispatc,14
1806,jennifer williamson,Jennifer_for_OR,3594
1807,diane ravitch,DianeRavitch,152407
1808,jean casarez,JeanCasarezCNN,10698
1809,patty judge,pattyforiowa,1955
1810,new boston republican committee,NBRCORG,1
1811,jackie dingfelder,jdpdx1,104
1812,kirsten powers,KirstenPowers,306576
1813,mike hashimoto,MikeHashimoto,6945
1814,john kennedy,SenJohnKennedy,56783
1815,cynthia meyer,cynthiameyer_FF,431
1816,kyle williams,KyleWilliams_10,67035
1817,ron christie,Ron_Christie,11733
1818,marie ghazal,marielghazal,82
1819,jeff bridges,TheJeffBridges,261637
1820,charles kuck,ckuck,3853
1821,john hutson,johnhutson,950
1822,clayton county schools,CCPSArtsLife,146
1823,brian stelter,brianstelter,647826
1824,bob king,BKingDC,5173
1825,michael skolnik,MichaelSkolnik,293733
1826,florida news flash,FLNewsFlash,206
1827,jeremy kapstein,JeremyKapstein,76
1828,peggy lehner,peggylehner,2511
1829,michael rosen,MichaelRosenYes,134963
1830,wayne smith,VaultWayne,228
1831,robert uithoven,ruithoven,1939
1832,tere mccann,teremccann,70
1833,bryan kennedy,xbryanx,994
1834,samuel demaio,AccuproRoofing,1
1835,limberbutt mccubbins,Limberbutt2016,1520
1836,deirdre imus,TheGreenDirt,5077
1837,oregon pta,oregonpta,2111
1838,allie mccullen,alliemccullen,464
1839,talmadge heflin,TalmadgeHeflin,9
1840,ben ferguson,benfergusonshow,141716
1841,stephen carter,carter_AB,11102
1842,matt mcgrath,MattMcGrathBBC,24599
1843,russell brand,rustyrockets,11676717
1844,martha robertson,MarthaRDryden,287
1845,ash williams,ashwilliams1,16390
1846,shaun ireland,Ireland1836,182
1847,jack keane,gen_jackkeane,15523
1848,scott mccown,CScottMcCown,48
1849,diane mckeel,dianemckeel,814
1850,bill ratliff,billrat365,236
1851,steve cannon,SteveCannonCEO,7873
1852,steve phelps,stevephelps,8936
1853,katie pavlich,KatiePavlich,631123
1854,tom pauken,TomPauken,1170
1855,pari sabety,PSabety,372
1856,baby got pac,BabyGotPac,2
1857,liberty counsel,libertycounsel,7660
1858,matt mccall,CoachMattMcCall,7964
1859,patrick wales,pjwd_,593
1860,allan ritter,RepAllanRitter,475
1861,senate democrats,SenateDems,898509
1862,christine radogno,Christineradog1,30
1863,rick hardcastle,SteelString,213
1864,alan essig,AlanEssig,244
1865,gary kelly,gary_kelly,7398
1866,bill mcraven,billmcraven,17889
1867,john whitmire,whitmire_john,5017
1868,steve deace,SteveDeaceShow,55166
1869,john stossel,JohnStossel,1014497
1870,maureen dowd,maureendowd,679883
1871,chris chocola,ChrisChocola,681
1872,joel kleefisch,KleefischJoel,776
1873,valarie wilson,ValForEducation,528
1874,vicki mckenna,VickiMcKenna,15147
1875,francis kungu,franciskungu73,0
1876,nancy nusbaum,go4justice,43
1877,julie parrish,hotcouponmama,3260
1878,mike mcfadden,MUTGuru,73458
1879,brad rockwell,BradRockwell808,11